name,femaDeclarationString,declarationTitle,incidentBeginDate,incidentEndDate,disasterNumber,incidentType,pop,tot_pop,ratio_pop,total_bill,max_customers,mean_customers,min_customers,mean_duration
Albany/Schenectady/Troy SMM xAOC,DR-4445-VT,SEVERE STORMS AND FLOODING,4/15/2019,4/15/2019,4445,Flood,35532,1379787,0.025751801,1.30E-04,0,0,0,0
Albany/Schenectady/Troy SMM xAOC,DR-4472-NY,"SEVERE STORMS, STRAIGHT-LINE WINDS, AND FLOODING",10/31/2019,11/1/2019,4472,Severe Storm,400744,1379787,0.290439032,0.016107443,52343,14717.05066,10,20.95
Albany/Schenectady/Troy SMM xAOC,DR-4480-NY,COVID-19 PANDEMIC,1/20/2020,4/16/2020,4480,Biological,1379787,1379787,1,0,NA,NA,NA,NA
Albany/Schenectady/Troy SMM xAOC,DR-4621-VT,SEVERE STORM AND FLOODING,7/29/2021,7/30/2021,4621,Flood,35532,1379787,0.025751801,0.001460239,0,0,0,0
Albany/Schenectady/Troy SMM xAOC,DR-4720-VT,"SEVERE STORMS, FLOODING, LANDSLIDES, AND MUDSLIDES",7/7/2023,7/21/2023,4720,Flood,35532,1379787,0.025751801,1.73E-04,4212,133.1726293,0,23.5
Albany/Schenectady/Troy SMM xAOC,DR-4723-NY,SEVERE STORMS AND FLOODING,7/9/2023,7/10/2023,4723,Severe Storm,4438,1379787,0.003216438,4.57E-04,0,0,0,0
Albany/Schenectady/Troy SMM xAOC,EM-3565-NY,HURRICANE HENRI,8/21/2021,8/24/2021,3565,Hurricane,1036116,1379787,0.750924599,0,3112,282.0176875,7,4.1875
Albany/Schenectady/Troy SMM xAOC,EM-3567-VT,TROPICAL STORM HENRI,8/22/2021,8/24/2021,3567,Hurricane,35532,1379787,0.025751801,0,0,0,0,0
Albany/Schenectady/Troy SMM xAOC,EM-3595-VT,FLOODING,7/9/2023,7/17/2023,3595,Flood,35532,1379787,0.025751801,0,4212,180.1357342,1,15.5
Albany/Schenectady/Troy SMM xAOC,EM-3599-MA,HURRICANE LEE,9/15/2023,9/17/2023,3599,Hurricane,125217,1379787,0.090750964,0,2438,233.7708931,1,1.25
Atlanta SMM xAOC,DR-4487-NC,COVID-19 PANDEMIC,1/20/2020,4/16/2020,4487,Biological,7168364,7168364,1,0,NA,NA,NA,NA
Atlanta SMM xAOC,DR-4546-AL,SEVERE STORMS AND FLOODING,2/5/2020,3/6/2020,4546,Severe Storm,22781,7168364,0.003177992,0.001055138,2341,39.25180603,4,22
Atlanta SMM xAOC,DR-4573-AL,HURRICANE ZETA,10/28/2020,10/29/2020,4573,Hurricane,22781,7168364,0.003177992,4.81E-05,10098,3773.26,4,11.5
Atlanta SMM xAOC,DR-4579-GA,TROPICAL STORM ZETA,10/29/2020,10/29/2020,4579,Hurricane,1485338,7168364,0.207207391,0.002302734,320696,170516.0115,317,15.56578947
Atlanta SMM xAOC,DR-4596-AL,"SEVERE STORMS, STRAIGHT-LINE WINDS, AND TORNADOES",3/25/2021,3/26/2021,4596,Severe Storm,22781,7168364,0.003177992,1.74E-04,3272,444.1542553,4,20.5
Atlanta SMM xAOC,DR-4600-GA,SEVERE STORMS AND TORNADOES,3/25/2021,3/26/2021,4600,Severe Storm,390075,7168364,0.054416182,0.026653668,17633,3190.315687,16,14.63888889
Atlanta SMM xAOC,DR-4685-GA,"SEVERE STORMS, STRAIGHT-LINE WINDS, AND TORNADOES",1/12/2023,1/12/2023,4685,Severe Storm,562648,7168364,0.078490434,0.02227077,55453,12522.37387,14,2.625
Atlanta SMM xAOC,DR-4710-AL,"SEVERE STORMS, STRAIGHT-LINE WINDS, AND TORNADOES",3/24/2023,3/27/2023,4710,Severe Storm,22781,7168364,0.003177992,1.26E-04,323,27.77058908,0,1.5
Atlanta SMM xAOC,EM-3423-NC,HURRICANE DORIAN,9/1/2019,9/9/2019,3423,Hurricane,11277,7168364,0.001573162,0,117,49.32361111,1,1.75
Atlanta SMM xAOC,EM-3534-NC,HURRICANE ISAIAS,7/31/2020,8/4/2020,3534,Hurricane,11277,7168364,0.001573162,0,345,36.505,1,2.5
Atlanta SMM xAOC,EM-3545-AL,HURRICANE SALLY,9/14/2020,9/16/2020,3545,Hurricane,37733,7168364,0.005263823,0,215,37.37310924,4,1.625
Atlanta SMM xAOC,EM-3586-NC,HURRICANE IAN,9/28/2022,10/4/2022,3586,Hurricane,11277,7168364,0.001573162,0,0,0,0,0
Austin SMM xAOC,DR-4485-TX,COVID-19 PANDEMIC,1/20/2020,4/16/2020,4485,Biological,2383984,2383984,1,0,NA,NA,NA,NA
Austin SMM xAOC,DR-4586-TX,SEVERE WINTER STORMS,2/11/2021,2/21/2021,4586,Severe Ice Storm,2383984,2383984,1,0.014322251,543640,113553.3246,14,157.1458333
Austin SMM xAOC,DR-4705-TX,SEVERE WINTER STORM,1/30/2023,2/2/2023,4705,Winter Storm,2289000,2383984,0.960157451,0.055223366,287040,85393.30583,6,44.78125
Austin SMM xAOC,EM-3540-TX,TROPICAL STORMS MARCO AND LAURA,8/23/2020,8/27/2020,3540,Hurricane,1273567,2383984,0.534217931,0,3615,126.6693054,1,20.5
Austin SMM xAOC,EM-3554-TX,SEVERE WINTER STORM,2/11/2021,2/21/2021,3554,Severe Ice Storm,2383984,2383984,1,0,543640,113553.3246,14,157.1458333
Baltimore SMM xAOC,DR-4491-MD,COVID-19 PANDEMIC,1/20/2020,4/16/2020,4491,Biological,2997116,2997116,1,0,NA,NA,NA,NA
Birmingham/Anniston/Tuscaloosa SMM xAOC,DR-4426-AL,"SEVERE STORMS, STRAIGHT-LINE WINDS, TORNADOES, AND FLOODING",2/19/2019,3/20/2019,4426,Severe Storm,145724,1908031,0.076374021,7.91E-04,8012,257.3878459,7,26.9
Birmingham/Anniston/Tuscaloosa SMM xAOC,DR-4503-AL,COVID-19 PANDEMIC,1/20/2020,4/16/2020,4503,Biological,1908031,1908031,1,0,NA,NA,NA,NA
Birmingham/Anniston/Tuscaloosa SMM xAOC,DR-4546-AL,SEVERE STORMS AND FLOODING,2/5/2020,3/6/2020,4546,Severe Storm,406014,1908031,0.21279214,0.004818059,11024,209.7881787,18,12.125
Birmingham/Anniston/Tuscaloosa SMM xAOC,DR-4554-AL,"SEVERE STORMS, STRAIGHT-LINE WINDS, AND TORNADOES",4/19/2020,4/19/2020,4554,Severe Storm,54990,1908031,0.028820286,9.93E-04,12255,8096.159664,337,12.375
Birmingham/Anniston/Tuscaloosa SMM xAOC,DR-4555-AL,SEVERE THUNDERSTORMS,4/12/2020,4/13/2020,4555,Severe Storm,307624,1908031,0.161225892,0.00271896,42635,13433.3721,14,26.375
Birmingham/Anniston/Tuscaloosa SMM xAOC,DR-4573-AL,HURRICANE ZETA,10/28/2020,10/29/2020,4573,Hurricane,303474,1908031,0.159050875,0.00150993,97377,30570.80909,27,14.89285714
Birmingham/Anniston/Tuscaloosa SMM xAOC,DR-4596-AL,"SEVERE STORMS, STRAIGHT-LINE WINDS, AND TORNADOES",3/25/2021,3/26/2021,4596,Severe Storm,1041032,1908031,0.545605391,0.008673777,43511,13065.26768,23,27.70833333
Birmingham/Anniston/Tuscaloosa SMM xAOC,DR-4632-AL,SEVERE STORMS AND FLOODING,10/6/2021,10/7/2021,4632,Severe Storm,876715,1908031,0.459486769,0,8420,1686.109375,21,33.625
Birmingham/Anniston/Tuscaloosa SMM xAOC,DR-4684-AL,"SEVERE STORMS, STRAIGHT-LINE WINDS, AND TORNADOES",1/12/2023,1/12/2023,4684,Severe Storm,33450,1908031,0.017531162,7.43E-04,3325,2188.938556,163,6.666666667
Birmingham/Anniston/Tuscaloosa SMM xAOC,DR-4710-AL,"SEVERE STORMS, STRAIGHT-LINE WINDS, AND TORNADOES",3/24/2023,3/27/2023,4710,Severe Storm,40503,1908031,0.021227643,1.02E-04,6944,601.5668604,0,23
Birmingham/Anniston/Tuscaloosa SMM xAOC,EM-3545-AL,HURRICANE SALLY,9/14/2020,9/16/2020,3545,Hurricane,1908031,1908031,1,0,7337,441.1161252,38,2.428571429
Boston/Manchester SMM xAOC,DR-4496-MA,COVID-19 PANDEMIC,1/20/2020,4/16/2020,4496,Biological,6696161,6696161,1,0,NA,NA,NA,NA
Boston/Manchester SMM xAOC,DR-4621-VT,SEVERE STORM AND FLOODING,7/29/2021,7/30/2021,4621,Flood,42227,6696161,0.006306151,0.005371901,445,44,1,4.25
Boston/Manchester SMM xAOC,DR-4622-NH,SEVERE STORM AND FLOODING,7/17/2021,7/19/2021,4622,Severe Storm,75880,6696161,0.011331866,0.001027003,228,25.67718855,1,5.5
Boston/Manchester SMM xAOC,DR-4624-NH,SEVERE STORM AND FLOODING,7/29/2021,8/2/2021,4624,Flood,75880,6696161,0.011331866,0.001151481,818,93.11050039,1,13.25
Boston/Manchester SMM xAOC,DR-4651-MA,SEVERE WINTER STORM AND SNOWSTORM,1/28/2022,1/29/2022,4651,Snowstorm,2247843,6696161,0.335691301,0.014137365,113148,21791.15642,0,10.4375
Boston/Manchester SMM xAOC,DR-4693-NH,SEVERE STORM AND FLOODING,12/22/2022,12/25/2022,4693,Severe Storm,61398,6696161,0.009169134,6.63E-04,19985,5084.0625,37,68.25
Boston/Manchester SMM xAOC,DR-4720-VT,"SEVERE STORMS, FLOODING, LANDSLIDES, AND MUDSLIDES",7/7/2023,7/21/2023,4720,Flood,42227,6696161,0.006306151,0.002662588,2469,195.0772694,0,49.25
Boston/Manchester SMM xAOC,DR-4740-NH,SEVERE STORMS AND FLOODING,7/9/2023,7/17/2023,4740,Flood,446925,6696161,0.066743467,0.001518708,4857,238.0487779,0,13.5
Boston/Manchester SMM xAOC,DR-4762-VT,SEVERE STORM AND FLOODING,12/18/2023,12/19/2023,4762,Severe Storm,42227,6696161,0.006306151,0,1332,218.3946078,1,16
Boston/Manchester SMM xAOC,DR-4780-MA,SEVERE STORMS AND FLOODING,9/11/2023,9/13/2023,4780,Flood,829327,6696161,0.123851114,0,6412,435.6770833,0,27.25
Boston/Manchester SMM xAOC,EM-3566-MA,TROPICAL STORM HENRI,8/20/2021,8/24/2021,3566,Hurricane,212923,6696161,0.031797772,0,0,0,0,0
Boston/Manchester SMM xAOC,EM-3567-VT,TROPICAL STORM HENRI,8/22/2021,8/24/2021,3567,Hurricane,42227,6696161,0.006306151,0,0,0,0,0
Boston/Manchester SMM xAOC,EM-3595-VT,FLOODING,7/9/2023,7/17/2023,3595,Flood,42227,6696161,0.006306151,0,1992,213.9018997,1,40.75
Boston/Manchester SMM xAOC,EM-3599-MA,HURRICANE LEE,9/15/2023,9/17/2023,3599,Hurricane,5506949,6696161,0.822403912,2.95E-06,16767,1071.820815,8,10.75
Buffalo SMM xAOC,DR-4472-NY,"SEVERE STORMS, STRAIGHT-LINE WINDS, AND FLOODING",10/31/2019,11/1/2019,4472,Severe Storm,1045449,1531605,0.682583956,0.005515522,55867,13185.44405,2,22.5
Buffalo SMM xAOC,DR-4480-NY,COVID-19 PANDEMIC,1/20/2020,4/16/2020,4480,Biological,1531605,1531605,1,0,NA,NA,NA,NA
Buffalo SMM xAOC,DR-4625-NY,REMNANTS OF TROPICAL STORM FRED,8/18/2021,8/19/2021,4625,Hurricane,45915,1531605,0.029978356,0.002054958,164,23.2764894,1,0.25
Buffalo SMM xAOC,DR-4694-NY,SEVERE WINTER STORM AND SNOWSTORM,12/23/2022,12/28/2022,4694,Snowstorm,1185790,1531605,0.774213978,0.009693472,46523,18182.60072,2,93.58333333
Buffalo SMM xAOC,EM-3589-NY,SEVERE WINTER STORM AND SNOWSTORM,11/18/2022,11/21/2022,3589,Winter Storm,1428514,1531605,0.93269087,1.29E-04,9891,990.3571665,0,10
Buffalo SMM xAOC,EM-3590-NY,SEVERE WINTER STORM,12/23/2022,12/28/2022,3590,Winter Storm,976227,1531605,0.63738823,0,39662,16663.62398,1,93.625
Charlotte SMM xAOC,DR-4479-SC,"SEVERE STORMS, TORNADOES, STRAIGHT-LINE WINDS, AND FLOODING",2/6/2020,2/13/2020,4479,Severe Storm,32186,3361582,0.009574659,1.43E-04,501,59.29385224,1,17
Charlotte SMM xAOC,DR-4487-NC,COVID-19 PANDEMIC,1/20/2020,4/16/2020,4487,Biological,3361582,3361582,1,0,NA,NA,NA,NA
Charlotte SMM xAOC,DR-4543-NC,"SEVERE STORMS, TORNADOES, AND FLOODING",2/6/2020,2/19/2020,4543,Severe Storm,449893,3361582,0.133833713,5.15E-04,6081,340.6215118,4,19.5
Charlotte SMM xAOC,DR-4588-NC,TROPICAL STORM ETA,11/12/2020,11/15/2020,4588,Severe Storm,561015,3361582,0.166890173,0.001972532,4819,537.6068107,5,8.75
Charlotte SMM xAOC,DR-4617-NC,REMNANTS OF TROPICAL STORM FRED,8/16/2021,8/18/2021,4617,Hurricane,100982,3361582,0.030040023,2.18E-04,3873,645.7596835,3,22.08333333
Charlotte SMM xAOC,EM-3421-SC,HURRICANE DORIAN,8/31/2019,9/6/2019,3421,Hurricane,457596,3361582,0.136125193,0,1681,71.28292625,3,2.8125
Charlotte SMM xAOC,EM-3423-NC,HURRICANE DORIAN,9/1/2019,9/9/2019,3423,Hurricane,2903986,3361582,0.863874807,0,7777,278.3368044,7,3.777777778
Charlotte SMM xAOC,EM-3534-NC,HURRICANE ISAIAS,7/31/2020,8/4/2020,3534,Hurricane,2903986,3361582,0.863874807,0,14344,825.3702328,14,6.847222222
Charlotte SMM xAOC,EM-3585-SC,HURRICANE IAN,9/25/2022,10/4/2022,3585,Hurricane,915192,3361582,0.272250386,0,8115,408.6651458,0,16.0625
Charlotte SMM xAOC,EM-3586-NC,HURRICANE IAN,9/28/2022,10/4/2022,3586,Hurricane,2903986,3361582,0.863874807,0,42983,4597.28687,0,23.88888889
Charlotte SMM xAOC,EM-3597-SC,HURRICANE IDALIA,8/29/2023,9/3/2023,3597,Hurricane,457596,3361582,0.136125193,0,3528,243.2389698,3,6.6875
Chicago SMM xAOC,DR-4489-IL,COVID-19 PANDEMIC,1/20/2020,4/16/2020,4489,Biological,9612652,9612652,1,0,NA,NA,NA,NA
Chicago SMM xAOC,DR-4704-IN,"SEVERE STORMS, STRAIGHT-LINE WINDS, AND TORNADOES",3/31/2023,4/1/2023,4704,Severe Storm,486244,9612652,0.050583751,0,7297,2561.930297,1,26.75
Chicago SMM xAOC,DR-4728-IL,SEVERE STORMS AND FLOODING,6/29/2023,7/2/2023,4728,Severe Storm,5145326,9612652,0.535266022,0,6877,541.1991758,4,44.5
Chicago SMM xAOC,DR-4749-IL,SEVERE STORMS AND FLOODING,9/17/2023,9/18/2023,4749,Flood,5145326,9612652,0.535266022,0,1414,207.9592391,4,25.75
Cincinnati SMM xAOC,DR-4424-OH,"SEVERE STORMS, FLOODING, AND LANDSLIDES",2/5/2019,2/13/2019,4424,Flood,71113,2407389,0.029539472,0.003573333,3449,101.2720839,2,6
Cincinnati SMM xAOC,DR-4428-KY,"SEVERE STORMS, STRAIGHT-LINE WINDS, FLOODING, LANDSLIDES, AND MUDSLIDES",2/6/2019,3/10/2019,4428,Severe Storm,144411,2407389,0.059986566,0.002237855,6305,231.4764634,3,13
Cincinnati SMM xAOC,DR-4497-KY,COVID-19 PANDEMIC,1/20/2020,4/16/2020,4497,Biological,2407389,2407389,1,0,NA,NA,NA,NA
Cincinnati SMM xAOC,DR-4595-KY,"SEVERE, STORMS, FLOODING, LANDSLIDES, AND MUDSLIDES",2/27/2021,3/14/2021,4595,Flood,17049,2407389,0.007081946,0,0,0,0,0
Cincinnati SMM xAOC,DR-4702-KY,"SEVERE STORMS, STRAIGHT-LINE WINDS, TORNADOES, FLOODING, LANDSLIDES, AND MUDSLIDES",3/3/2023,3/4/2023,4702,Severe Storm,46995,2407389,0.019521149,0,8743,2776.437818,232,24.625
Cleveland/Akron/Canton SMM xAOC,DR-4507-OH,COVID-19 PANDEMIC,1/20/2020,4/16/2020,4507,Biological,3806151,3806151,1,0,NA,NA,NA,NA
Dallas/Ft. Worth SMM xAOC,DR-4485-TX,COVID-19 PANDEMIC,1/20/2020,4/16/2020,4485,Biological,8263502,8263502,1,0,NA,NA,NA,NA
Dallas/Ft. Worth SMM xAOC,DR-4586-TX,SEVERE WINTER STORMS,2/11/2021,2/21/2021,4586,Severe Ice Storm,8263502,8263502,1,0.005475816,1307163,232190.4766,33,121.7890625
Dallas/Ft. Worth SMM xAOC,DR-4705-TX,SEVERE WINTER STORM,1/30/2023,2/2/2023,4705,Winter Storm,189796,8263502,0.022967986,1.59E-04,29678,9709.899182,2,58.0625
Dallas/Ft. Worth SMM xAOC,EM-3540-TX,TROPICAL STORMS MARCO AND LAURA,8/23/2020,8/27/2020,3540,Hurricane,4991561,8263502,0.604049107,0,14844,520.7580023,3,19.15
Dallas/Ft. Worth SMM xAOC,EM-3554-TX,SEVERE WINTER STORM,2/11/2021,2/21/2021,3554,Severe Ice Storm,8263502,8263502,1,0,1307163,232190.4766,33,121.7890625
Dallas/Ft. Worth SMM xAOC,FM-5429-TX,BIG L FIRE,3/20/2022,3/30/2022,5429,Fire,61762,8263502,0.007474071,0,756,43.75315386,0,3.25
Dallas/Ft. Worth SMM xAOC,FM-5443-TX,HARD CASTLE FIRE,7/7/2022,7/16/2022,5443,Fire,18594,8263502,0.002250136,0,3618,47.17757469,0,5.5
Dallas/Ft. Worth SMM xAOC,FM-5444-TX,CHALK MOUNTAIN FIRE,7/18/2022,8/6/2022,5444,Fire,70885,8263502,0.008578082,0,1086,45.30122734,0,3
Dayton SMM xAOC,DR-4447-OH,"SEVERE STORMS, STRAIGHT-LINE WINDS, TORNADOES, FLOODING, LANDSLIDES, AND MUDSLIDE",5/27/2019,5/29/2019,4447,Tornado,900924,1209203,0.745056041,0.009794389,66461,27550.16483,5,32.1
Dayton SMM xAOC,DR-4507-OH,COVID-19 PANDEMIC,1/20/2020,4/16/2020,4507,Biological,1209203,1209203,1,0,NA,NA,NA,NA
Denver SMM xAOC,DR-4420-NE,"SEVERE WINTER STORM, STRAIGHT-LINE WINDS, AND FLOODING",3/9/2019,7/14/2019,4420,Flood,49124,4560978,0.010770497,0.003072331,1749,164.6878307,2,0.269230769
Denver SMM xAOC,DR-4498-CO,COVID-19 PANDEMIC,1/20/2020,4/16/2020,4498,Biological,4560978,4560978,1,0,NA,NA,NA,NA
Denver SMM xAOC,DR-4581-CO,WILDFIRES,9/6/2020,11/5/2020,4581,Fire,372989,4560978,0.081778294,0.006759423,3897,313.8564513,2,575.75
Denver SMM xAOC,DR-4616-NE,SEVERE STORMS AND STRAIGHT-LINE WINDS,7/9/2021,7/10/2021,4616,Severe Storm,16646,4560978,0.003649656,1.72E-04,0,0,0,0
Denver SMM xAOC,DR-4634-CO,WILDFIRES AND STRAIGHT-LINE WINDS,12/30/2021,1/7/2022,4634,Fire,326020,4560978,0.071480283,0.04051535,30294,5121.437034,1,109.75
Denver SMM xAOC,DR-4731-CO,"SEVERE STORMS, FLOODING, AND TORNADOES",6/8/2023,6/23/2023,4731,Flood,1671463,4560978,0.366470305,0.007568652,40041,555.2281118,4,17.8
Denver SMM xAOC,FM-5334-CO,GRIZZLY CREEK FIRE,8/13/2020,8/26/2020,5334,Fire,115214,4560978,0.02526081,0,1548,35.11031901,2,6.75
Denver SMM xAOC,FM-5335-CO,PINE GULCH FIRE,8/19/2020,9/2/2020,5335,Fire,60031,4560978,0.01316187,0,1116,41.277397,1,11.5
Denver SMM xAOC,FM-5347-WY,316 FIRE,9/5/2020,9/6/2020,5347,Fire,14832,4560978,0.003251934,0,621,250.8697917,1,15.25
Denver SMM xAOC,FM-5349-CO,CAMERON PEAK FIRE,9/6/2020,11/2/2020,5349,Fire,357241,4560978,0.078325526,0,2734,250.3719164,1,674.25
Denver SMM xAOC,FM-5375-WY,MULLEN FIRE,9/25/2020,10/19/2020,5375,Fire,53651,4560978,0.011763047,0,3550,77.21476923,2,29.625
Denver SMM xAOC,FM-5378-CO,EAST TROUBLESOME FIRE,10/17/2020,11/5/2020,5378,Fire,15748,4560978,0.003452768,0,128,29.90656412,1,14.25
Denver SMM xAOC,FM-5379-CO,CALWOOD FIRE,10/17/2020,10/24/2020,5379,Fire,326020,4560978,0.071480283,0,3852,667.3840598,1,145.5
Denver SMM xAOC,FM-5423-CO,MARSHALL FIRE,12/30/2021,1/7/2022,5423,Fire,326020,4560978,0.071480283,0,30294,5121.437034,1,109.75
Detroit SMM xAOC,DR-4494-MI,COVID-19 PANDEMIC,1/20/2020,4/16/2020,4494,Biological,4879287,4879287,1,0,NA,NA,NA,NA
Detroit SMM xAOC,DR-4607-MI,"SEVERE STORMS, FLOODING, AND TORNADOES",6/25/2021,6/26/2021,4607,Severe Storm,4248450,4879287,0.870711233,0.028459438,47666,15082.2711,63,35
Detroit SMM xAOC,DR-4757-MI,"SEVERE STORMS, TORNADOES, AND FLOODING",8/24/2023,8/26/2023,4757,Flood,4222678,4879287,0.865429314,0,234335,99434.37153,479,69.6
Fresno/Visalia SMM xAOC,DR-4431-CA,"SEVERE WINTER STORMS, FLOODING, LANDSLIDES, AND MUDSLIDES",2/13/2019,2/15/2019,4431,Severe Storm,17117,2067273,0.00827999,0,771,176.1588115,1,9.75
Fresno/Visalia SMM xAOC,DR-4434-CA,"SEVERE WINTER STORMS, FLOODING, LANDSLIDES, AND MUDSLIDES",2/24/2019,3/1/2019,4434,Severe Storm,17117,2067273,0.00827999,0,198,12.40652174,1,7
Fresno/Visalia SMM xAOC,DR-4482-CA,COVID-19 PANDEMIC,1/20/2020,4/16/2020,4482,Biological,2067273,2067273,1,0,NA,NA,NA,NA
Fresno/Visalia SMM xAOC,DR-4558-CA,WILDFIRES,8/14/2020,9/26/2020,4558,Fire,465751,2067273,0.225297288,0.001820066,9975,369.152377,1,403.25
Fresno/Visalia SMM xAOC,DR-4569-CA,WILDFIRES,9/4/2020,11/17/2020,4569,Fire,1154564,2067273,0.558496144,0.007563491,18108,1321.560274,2,1058.5
Fresno/Visalia SMM xAOC,DR-4683-CA,"SEVERE WINTER STORMS, FLOODING, LANDSLIDES, AND MUDSLIDES",12/27/2022,1/31/2023,4683,Flood,1914546,2067273,0.926121514,0.005114625,34100,771.7245655,0,188.05
Fresno/Visalia SMM xAOC,DR-4699-CA,"SEVERE WINTER STORMS, STRAIGHT-LINE WINDS, FLOODING, LANDSLIDES, AND MUDSLIDES",2/21/2023,7/10/2023,4699,Severe Storm,2067273,2067273,1,0.009924657,66822,1179.194909,0,546.5416667
Fresno/Visalia SMM xAOC,EM-3591-CA,"SEVERE WINTER STORMS, FLOODING, AND MUDSLIDES",1/8/2023,1/31/2023,3591,Flood,2067273,2067273,1,0,34027,883.8673087,0,123.5416667
Fresno/Visalia SMM xAOC,EM-3592-CA,"SEVERE WINTER STORMS, FLOODING, LANDSLIDES, AND MUDSLIDES",3/9/2023,7/10/2023,3592,Flood,2067273,2067273,1,0,43774,490.3373771,0,363.7083333
Fresno/Visalia SMM xAOC,FM-5348-CA,CREEK FIRE,9/6/2020,12/24/2020,5348,Fire,1154564,2067273,0.558496144,0,0,0,0,0
Fresno/Visalia SMM xAOC,FM-5373-CA,SQF FIRE COMPLEX,9/13/2020,1/6/2021,5373,Fire,465751,2067273,0.225297288,0,0,0,0,0
Fresno/Visalia SMM xAOC,FM-5445-CA,OAK FIRE,7/22/2022,8/3/2022,5445,Fire,17117,2067273,0.00827999,0,3294,1371.581452,0,302.25
Grand Rapids SMM xAOC,DR-4494-MI,COVID-19 PANDEMIC,1/20/2020,4/16/2020,4494,Biological,2084583,2084583,1,0,NA,NA,NA,NA
Grand Rapids SMM xAOC,DR-4607-MI,"SEVERE STORMS, FLOODING, AND TORNADOES",6/25/2021,6/26/2021,4607,Severe Storm,64654,2084583,0.031015316,4.10E-04,973,176.6807095,1,15.5
Grand Rapids SMM xAOC,DR-4757-MI,"SEVERE STORMS, TORNADOES, AND FLOODING",8/24/2023,8/26/2023,4757,Flood,721454,2084583,0.346090321,0,75387,33903.59507,2,48.875
Greensboro SMM xAOC,DR-4487-NC,COVID-19 PANDEMIC,1/20/2020,4/16/2020,4487,Biological,1836526,1836526,1,0,NA,NA,NA,NA
Greensboro SMM xAOC,DR-4543-NC,"SEVERE STORMS, TORNADOES, AND FLOODING",2/6/2020,2/19/2020,4543,Severe Storm,226746,1836526,0.123464628,1.86E-05,8019,378.3212486,3,21.5
Greensboro SMM xAOC,DR-4588-NC,TROPICAL STORM ETA,11/12/2020,11/15/2020,4588,Severe Storm,373618,1836526,0.203437359,0.00770318,3559,292.8525132,6,5.958333333
Greensboro SMM xAOC,DR-4602-VA,SEVERE WINTER STORMS,2/11/2021,2/13/2021,4602,Severe Ice Storm,17592,1836526,0.009578955,0,1520,281.4343434,4,11
Greensboro SMM xAOC,EM-3423-NC,HURRICANE DORIAN,9/1/2019,9/9/2019,3423,Hurricane,1818934,1836526,0.990421045,0,9730,476.5331949,11,3.375
Greensboro SMM xAOC,EM-3534-NC,HURRICANE ISAIAS,7/31/2020,8/4/2020,3534,Hurricane,1818934,1836526,0.990421045,0,10582,1035.17812,11,6.232142857
Greensboro SMM xAOC,EM-3586-NC,HURRICANE IAN,9/28/2022,10/4/2022,3586,Hurricane,1818934,1836526,0.990421045,0,122893,16368.1689,0,44.17857143
Greenville/Spartanburg SMM xAOC,DR-4479-SC,"SEVERE STORMS, TORNADOES, STRAIGHT-LINE WINDS, AND FLOODING",2/6/2020,2/13/2020,4479,Severe Storm,1253850,2362782,0.530666816,0.005039568,21643,3755.938523,5,39.6
Greenville/Spartanburg SMM xAOC,DR-4487-NC,COVID-19 PANDEMIC,1/20/2020,4/16/2020,4487,Biological,2362782,2362782,1,0,NA,NA,NA,NA
Greenville/Spartanburg SMM xAOC,DR-4542-SC,"SEVERE STORMS, TORNADOES, AND STRAIGHT-LINE WINDS",4/12/2020,4/13/2020,4542,Severe Storm,206424,2362782,0.08736481,0.009564396,43402,7045.510416,6,11.25
Greenville/Spartanburg SMM xAOC,DR-4543-NC,"SEVERE STORMS, TORNADOES, AND FLOODING",2/6/2020,2/19/2020,4543,Severe Storm,165161,2362782,0.069901074,6.40E-04,7004,149.6426301,3,4.75
Greenville/Spartanburg SMM xAOC,DR-4579-GA,TROPICAL STORM ZETA,10/29/2020,10/29/2020,4579,Hurricane,49339,2362782,0.02088174,1.09E-04,14380,7184.374162,102,13
Greenville/Spartanburg SMM xAOC,DR-4617-NC,REMNANTS OF TROPICAL STORM FRED,8/16/2021,8/18/2021,4617,Hurricane,465660,2362782,0.197081237,0.015506189,19093,3299.75749,4,22
Greenville/Spartanburg SMM xAOC,EM-3421-SC,HURRICANE DORIAN,8/31/2019,9/6/2019,3421,Hurricane,1501397,2362782,0.635436109,0,5332,271.1178007,8,3.875
Greenville/Spartanburg SMM xAOC,EM-3423-NC,HURRICANE DORIAN,9/1/2019,9/9/2019,3423,Hurricane,766586,2362782,0.32444212,0,5242,141.7352516,4,3.15625
Greenville/Spartanburg SMM xAOC,EM-3534-NC,HURRICANE ISAIAS,7/31/2020,8/4/2020,3534,Hurricane,766586,2362782,0.32444212,0,8205,576.3238594,7,7.15625
Greenville/Spartanburg SMM xAOC,EM-3585-SC,HURRICANE IAN,9/25/2022,10/4/2022,3585,Hurricane,2362782,2362782,1,0,7524,421.5185444,0,7.625
Greenville/Spartanburg SMM xAOC,EM-3586-NC,HURRICANE IAN,9/28/2022,10/4/2022,3586,Hurricane,766586,2362782,0.32444212,0,7531,287.7929065,0,4.46875
Greenville/Spartanburg SMM xAOC,EM-3597-SC,HURRICANE IDALIA,8/29/2023,9/3/2023,3597,Hurricane,1501397,2362782,0.635436109,0,7309,263.571117,7,6.4
Harrisburg/Lancaster SMM xAOC,DR-4506-PA,COVID-19 PANDEMIC,1/20/2020,4/16/2020,4506,Biological,2043134,2043134,1,0,NA,NA,NA,NA
Harrisburg/Lancaster SMM xAOC,DR-4618-PA,REMNANTS OF HURRICANE IDA,8/31/2021,9/5/2021,4618,Hurricane,727768,2043134,0.356201796,0.004197937,16623,2082.578136,5,71.375
Hartford/New Haven SMM xAOC,DR-4500-CT,COVID-19 PANDEMIC,1/20/2020,4/16/2020,4500,Biological,2621634,2621634,1,0,NA,NA,NA,NA
Hartford/New Haven SMM xAOC,DR-4629-CT,REMNANTS OF HURRICANE IDA,9/1/2021,9/2/2021,4629,Hurricane,1462536,2621634,0.557871923,3.42E-04,26646,3596.077112,4,21.75
Hartford/New Haven SMM xAOC,EM-3535-CT,TROPICAL STORM ISAIAS,8/4/2020,8/4/2020,3535,Hurricane,2621634,2621634,1,0.021696475,372917,56773.1355,8,9.035714286
Hartford/New Haven SMM xAOC,EM-3564-CT,HURRICANE HENRI,8/21/2021,8/24/2021,3564,Hurricane,2621634,2621634,1,4.97E-05,35868,4828.901702,7,34.89285714
Houston SMM xAOC,DR-4466-TX,TROPICAL STORM IMELDA,9/17/2019,9/23/2019,4466,Flood,5477872,7430252,0.73723906,0,63196,6741.426494,55,82.15
Houston SMM xAOC,DR-4485-TX,COVID-19 PANDEMIC,1/20/2020,4/16/2020,4485,Biological,7430252,7430252,1,0,NA,NA,NA,NA
Houston SMM xAOC,DR-4572-TX,HURRICANE LAURA,8/23/2020,8/27/2020,4572,Hurricane,341541,7430252,0.045966274,0.002606268,5328,213.6897723,1,10.5
Houston SMM xAOC,DR-4586-TX,SEVERE WINTER STORMS,2/11/2021,2/21/2021,4586,Severe Ice Storm,7430252,7430252,1,0.016996667,1734789,225365.0674,41,121.7375
Houston SMM xAOC,EM-3530-TX,HURRICANE HANNA,7/25/2020,7/31/2020,3530,Hurricane,6352543,7430252,0.854956602,0,34986,1880.674873,19,34.78125
Houston SMM xAOC,EM-3540-TX,TROPICAL STORMS MARCO AND LAURA,8/23/2020,8/27/2020,3540,Hurricane,7343052,7430252,0.988264193,0.002531483,148878,7155.866869,32,14.67647059
Houston SMM xAOC,EM-3554-TX,SEVERE WINTER STORM,2/11/2021,2/21/2021,3554,Severe Ice Storm,7430252,7430252,1,0,1734789,225365.0674,41,121.7375
Indianapolis SMM xAOC,DR-4515-IN,COVID-19 PANDEMIC,1/20/2020,4/16/2020,4515,Biological,3078444,3078444,1,0,NA,NA,NA,NA
Indianapolis SMM xAOC,DR-4704-IN,"SEVERE STORMS, STRAIGHT-LINE WINDS, AND TORNADOES",3/31/2023,4/1/2023,4704,Severe Storm,617851,3078444,0.200702368,0.00236747,46064,18330.16176,15,20.38888889
Jacksonville SMM xAOC,DR-4486-FL,COVID-19 PANDEMIC,1/20/2020,4/16/2020,4486,Biological,1979212,1979212,1,0,NA,NA,NA,NA
Jacksonville SMM xAOC,DR-4673-FL,HURRICANE IAN,9/23/2022,11/4/2022,4673,Hurricane,1751442,1979212,0.884918846,0.006613131,73043,1435.900376,0,60.02777778
Jacksonville SMM xAOC,DR-4680-FL,HURRICANE NICOLE,11/7/2022,11/30/2022,4680,Hurricane,1751442,1979212,0.884918846,0.024499789,73321,1157.973596,0,39.91666667
Jacksonville SMM xAOC,DR-4734-FL,HURRICANE IDALIA,8/27/2023,9/4/2023,4734,Hurricane,1751442,1979212,0.884918846,0.001706448,86977,7103.460566,5,47.05555556
Jacksonville SMM xAOC,DR-4738-GA,HURRICANE IDALIA,8/30/2023,8/30/2023,4738,Hurricane,227770,1979212,0.115081154,0.001637037,72847,29120.85731,43,10.04166667
Jacksonville SMM xAOC,EM-3419-FL,HURRICANE DORIAN,8/28/2019,9/9/2019,3419,Hurricane,1979212,1979212,1,0.013157641,22081,444.2417366,9,15.58333333
Jacksonville SMM xAOC,EM-3422-GA,HURRICANE DORIAN,8/29/2019,9/7/2019,3422,Hurricane,191954,1979212,0.096985063,0,6792,242.9736946,5,9.6
Jacksonville SMM xAOC,EM-3533-FL,HURRICANE ISAIAS,7/31/2020,8/4/2020,3533,Hurricane,1606827,1979212,0.811851889,2.87E-05,8273,386.8891182,5,6.6
Jacksonville SMM xAOC,EM-3561-FL,TROPICAL STORM ELSA,7/4/2021,7/8/2021,3561,Severe Storm,1486374,1979212,0.750992819,5.92E-06,38870,1765.910432,11,11.40625
Jacksonville SMM xAOC,EM-3584-FL,TROPICAL STORM IAN,9/23/2022,11/4/2022,3584,Hurricane,1751442,1979212,0.884918846,0,73043,1435.900376,0,60.02777778
Jacksonville SMM xAOC,EM-3587-FL,TROPICAL STORM NICOLE,11/7/2022,11/30/2022,3587,Tropical Storm,1635175,1979212,0.82617476,0,68174,1016.351079,0,48.66666667
Jacksonville SMM xAOC,EM-3596-FL,TROPICAL STORM IDALIA,8/27/2023,9/4/2023,3596,Tropical Storm,1751442,1979212,0.884918846,0,86977,7103.460566,5,47.05555556
Kansas City SMM xAOC,DR-4435-MO,"SEVERE STORMS, STRAIGHT-LINE WINDS, AND FLOODING",3/11/2019,4/16/2019,4435,Flood,140835,2575598,0.054680505,0.01164695,3350,45.76444557,4,3.375
Kansas City SMM xAOC,DR-4449-KS,"SEVERE STORMS, STRAIGHT-LINE WINDS, TORNADOES, FLOODING,LANDSLIDES,AND MUDSLIDES",4/28/2019,7/12/2019,4449,Severe Storm,463802,2575598,0.180075462,0.011799393,20171,289.1484809,8,76.75
Kansas City SMM xAOC,DR-4451-MO,"SEVERE STORMS, TORNADOES, AND FLOODING",4/29/2019,7/5/2019,4451,Severe Storm,1284090,2575598,0.498559946,0.023946413,31092,487.2071697,15,42.94736842
Kansas City SMM xAOC,DR-4490-MO,COVID-19 PANDEMIC,1/20/2020,4/16/2020,4490,Biological,2575598,2575598,1,0,NA,NA,NA,NA
Kansas City SMM xAOC,DR-4552-MO,"SEVERE STORMS, TORNADOES, STRAIGHT-LINE WINDS, AND FLOODING",5/3/2020,5/4/2020,4552,Severe Storm,38184,2575598,0.014825295,6.63E-06,5251,1424.631614,5,7.125
Kansas City SMM xAOC,DR-4612-MO,"SEVERE STORMS, STRAIGHT-LINE WINDS, TORNADOES, AND FLOODING",6/24/2021,7/1/2021,4612,Severe Storm,121444,2575598,0.047151768,0.006986076,4585,257.5628285,10,3.972222222
Kansas City SMM xAOC,DR-4640-KS,SEVERE STORMS AND STRAIGHT LINE WINDS,12/15/2021,12/15/2021,4640,Severe Storm,166009,2575598,0.064454546,9.86E-04,1195,198.4,1,3
Kansas City SMM xAOC,DR-4741-MO,"SEVERE STORMS, STRAIGHT-LINE WINDS, TORNADOES, AND FLOODING",7/29/2023,8/14/2023,4741,Severe Storm,56517,2575598,0.021943254,7.80E-05,6471,163.3958413,0,7.55
Kansas City SMM xAOC,DR-4747-KS,"SEVERE STORMS, STRAIGHT-LINE WINDS, TORNADOES, AND FLOODING",7/14/2023,7/21/2023,4747,Severe Storm,768957,2575598,0.298554743,2.01E-04,98874,13245.13549,5,103
Kansas City SMM xAOC,EM-3412-KS,TORNADOES AND FLOODING,5/9/2019,7/12/2019,3412,Severe Storm,247411,2575598,0.096059634,0,10221,182.1755567,5,67.05
Knoxville SMM xAOC,DR-4427-TN,"SEVERE STORMS, FLOODING, LANDSLIDES, AND MUDSLIDES",2/19/2019,3/30/2019,4427,Flood,1225593,1402321,0.873974646,0.008340119,18954,575.4282659,12,16.35294118
Knoxville SMM xAOC,DR-4428-KY,"SEVERE STORMS, STRAIGHT-LINE WINDS, FLOODING, LANDSLIDES, AND MUDSLIDES",2/6/2019,3/10/2019,4428,Severe Storm,69246,1402321,0.049379564,0.003951032,1902,41.68696444,3,5.25
Knoxville SMM xAOC,DR-4497-KY,COVID-19 PANDEMIC,1/20/2020,4/16/2020,4497,Biological,1402321,1402321,1,0,NA,NA,NA,NA
Knoxville SMM xAOC,DR-4540-KY,"SEVERE STORMS, FLOODING, LANDSLIDES, AND MUDSLIDES",2/3/2020,2/29/2020,4540,Severe Storm,69246,1402321,0.049379564,0.003301471,2055,99.56758778,3,6.916666667
Knoxville SMM xAOC,DR-4541-TN,"SEVERE STORMS, TORNADOES, STRAIGHT-LINE WINDS, AND FLOODING",4/12/2020,4/13/2020,4541,Severe Storm,108530,1402321,0.077393122,2.78E-04,4966,1041.41938,5,13.25
Knoxville SMM xAOC,DR-4592-KY,"SEVERE WINTER STORMS, LANDSLIDES, AND MUDSLIDES",2/8/2021,2/19/2021,4592,Severe Ice Storm,43220,1402321,0.030820333,8.26E-05,5497,1709.240696,3,52.5
Knoxville SMM xAOC,DR-4594-TN,SEVERE WINTER STORMS,2/11/2021,2/19/2021,4594,Severe Ice Storm,40670,1402321,0.029001919,3.27E-04,1542,476.2639103,61,9.875
Knoxville SMM xAOC,DR-4595-KY,"SEVERE, STORMS, FLOODING, LANDSLIDES, AND MUDSLIDES",2/27/2021,3/14/2021,4595,Flood,51986,1402321,0.037071398,6.22E-04,1416,43.62606567,2,6.375
Knoxville SMM xAOC,DR-4601-TN,"SEVERE STORMS, TORNADOES, AND FLOODING",3/25/2021,4/3/2021,4601,Tornado,135773,1402321,0.0968202,0.001988752,1804,141.5882145,4,8.05
Knoxville SMM xAOC,DR-4663-KY,"SEVERE STORMS, FLOODING, LANDSLIDES, AND MUDSLIDES",7/26/2022,8/11/2022,4663,Flood,25960,1402321,0.018512167,9.65E-04,1063,54.38050144,0,31
Knoxville SMM xAOC,DR-4691-TN,SEVERE WINTER STORM,12/22/2022,12/27/2022,4691,Winter Storm,506154,1402321,0.360940184,6.97E-04,27956,1611.985445,1,33.875
Knoxville SMM xAOC,DR-4701-TN,"SEVERE STORMS, STRAIGHT-LINE WINDS, AND TORNADOES",3/31/2023,4/1/2023,4701,Severe Storm,21385,1402321,0.015249718,0,0,0,0,0
Knoxville SMM xAOC,DR-4702-KY,"SEVERE STORMS, STRAIGHT-LINE WINDS, TORNADOES, FLOODING, LANDSLIDES, AND MUDSLIDES",3/3/2023,3/4/2023,4702,Severe Storm,17260,1402321,0.012308166,0,3783,1784.732337,1,27.5
Knoxville SMM xAOC,DR-4711-KY,"SEVERE STORMS, STRAIGHT-LINE WINDS, FLOODING, LANDSLIDES, AND MUDSLIDES",2/15/2023,2/20/2023,4711,Flood,51986,1402321,0.037071398,0.00178124,2593,174.9337123,5,4.5
Knoxville SMM xAOC,DR-4712-TN,"SEVERE STORMS, STRAIGHT-LINE WINDS, AND TORNADO",3/1/2023,3/3/2023,4712,Severe Storm,104996,1402321,0.074873014,8.51E-05,17135,1482.829771,1,8.75
Knoxville SMM xAOC,DR-4742-TN,"SEVERE STORMS, STRAIGHT-LINE WINDS, AND TORNADO",8/7/2023,8/7/2023,4742,Severe Storm,693047,1402321,0.494214235,0.004662884,93609,22116.67722,3,6.05
Las Vegas SMM xAOC,DR-4523-NV,COVID-19 PANDEMIC,1/20/2020,4/16/2020,4523,Biological,2327908,2327908,1,0,NA,NA,NA,NA
Las Vegas SMM xAOC,DR-4708-NV,"SEVERE WINTER STORMS, FLOODING, LANDSLIDES, AND MUDSLIDES",3/8/2023,3/19/2023,4708,Flood,5179,2327908,0.002224744,5.34E-04,NA,NA,NA,NA
Los Angeles SMM xAOC,DR-4431-CA,"SEVERE WINTER STORMS, FLOODING, LANDSLIDES, AND MUDSLIDES",2/13/2019,2/15/2019,4431,Severe Storm,2465569,18688367,0.131930682,0.026392978,4145,831.8195444,5,38.25
Los Angeles SMM xAOC,DR-4482-CA,COVID-19 PANDEMIC,1/20/2020,4/16/2020,4482,Biological,18688367,18688367,1,0,NA,NA,NA,NA
Los Angeles SMM xAOC,DR-4569-CA,WILDFIRES,9/4/2020,11/17/2020,4569,Fire,12188881,18688367,0.652217553,0.010867994,128169,4193.536217,2,1616.875
Los Angeles SMM xAOC,DR-4683-CA,"SEVERE WINTER STORMS, FLOODING, LANDSLIDES, AND MUDSLIDES",12/27/2022,1/31/2023,4683,Flood,10873798,18688367,0.581848484,0.005828045,48776,2750.770469,1,343.5833333
Los Angeles SMM xAOC,DR-4699-CA,"SEVERE WINTER STORMS, STRAIGHT-LINE WINDS, FLOODING, LANDSLIDES, AND MUDSLIDES",2/21/2023,7/10/2023,4699,Severe Storm,13051077,18688367,0.698352991,0.002544185,80663,2994.271369,0,1492.125
Los Angeles SMM xAOC,DR-4750-CA,TROPICAL STORM HILARY,8/19/2023,8/21/2023,4750,Hurricane,2483562,18688367,0.132893473,8.80E-05,10339,2009.478078,7,33.75
Los Angeles SMM xAOC,EM-3415-CA,EARTHQUAKES,7/4/2019,7/12/2019,3415,Earthquake,2177279,18688367,0.116504508,0,8972,612.68162,1,125
Los Angeles SMM xAOC,EM-3591-CA,"SEVERE WINTER STORMS, FLOODING, AND MUDSLIDES",1/8/2023,1/31/2023,3591,Flood,18669504,18688367,0.998990656,0,93031,3783.516914,1,309.7
Los Angeles SMM xAOC,EM-3592-CA,"SEVERE WINTER STORMS, FLOODING, LANDSLIDES, AND MUDSLIDES",3/9/2023,7/10/2023,3592,Flood,15377725,18688367,0.822850118,0,88162,2312.141109,0,1449.375
Los Angeles SMM xAOC,FM-5293-CA,SADDLERIDGE FIRE,10/10/2019,10/22/2019,5293,Fire,10855805,18688367,0.580885692,0,27179,1521.794684,2,198.25
Los Angeles SMM xAOC,FM-5296-CA,TICK FIRE,10/24/2019,10/29/2019,5296,Fire,10011602,18688367,0.535713045,0,29765,1784.60019,1,111.75
Los Angeles SMM xAOC,FM-5297-CA,GETTY FIRE,10/28/2019,11/2/2019,5297,Fire,10011602,18688367,0.535713045,0,29765,2376.309028,2,140.25
Los Angeles SMM xAOC,FM-5298-CA,EASY FIRE,10/30/2019,11/2/2019,5298,Fire,844203,18688367,0.045172647,0,17178,2815.055593,3,82.25
Los Angeles SMM xAOC,FM-5299-CA,HILL FIRE,10/30/2019,11/1/2019,5299,Fire,2465569,18688367,0.131930682,0,10744,647.9875992,1,42.5
Los Angeles SMM xAOC,FM-5300-CA,46 FIRE,10/31/2019,11/2/2019,5300,Fire,2465569,18688367,0.131930682,0,10744,854.3402778,27,57
Los Angeles SMM xAOC,FM-5301-CA,HILLSIDE FIRE,10/31/2019,11/2/2019,5301,Fire,2177279,18688367,0.116504508,0,5656,637.3541667,1,41.25
Los Angeles SMM xAOC,FM-5302-CA,MARIA FIRE,11/1/2019,11/5/2019,5302,Fire,844203,18688367,0.045172647,0,2658,347.8875,4,95.75
Los Angeles SMM xAOC,FM-5325-CA,APPLE FIRE,8/2/2020,8/11/2020,5325,Fire,4642848,18688367,0.24843519,0,7236,689.5972823,4,128.875
Los Angeles SMM xAOC,FM-5350-CA,EL DORADO FIRE,9/5/2020,9/24/2020,5350,Fire,2177279,18688367,0.116504508,0,32929,1259.583122,1,422.75
Los Angeles SMM xAOC,FM-5374-CA,BOBCAT FIRE,9/13/2020,11/27/2020,5374,Fire,10011602,18688367,0.535713045,0,0,0,0,0
Los Angeles SMM xAOC,FM-5380-CA,SILVERADO FIRE,10/26/2020,11/7/2020,5380,Fire,3170851,18688367,0.169669774,0,0,0,0,0
Los Angeles SMM xAOC,FM-5381-CA,BLUE RIDGE FIRE,10/26/2020,11/7/2020,5381,Fire,7813699,18688367,0.418104963,0,0,0,0,0
Los Angeles SMM xAOC,FM-5383-CA,BOND FIRE,12/3/2020,12/10/2020,5383,Fire,3170851,18688367,0.169669774,0,0,0,0,0
Los Angeles SMM xAOC,FM-5439-CA,COASTAL FIRE,5/11/2022,5/16/2022,5439,Fire,3170851,18688367,0.169669774,0,3618,504.0594468,1,100.75
Los Angeles SMM xAOC,FM-5451-CA,FAIRVIEW FIRE,9/5/2022,9/14/2022,5451,Fire,2465569,18688367,0.131930682,0,10944,959.0311728,0,177.25
Louisville SMM xAOC,DR-4428-KY,"SEVERE STORMS, STRAIGHT-LINE WINDS, FLOODING, LANDSLIDES, AND MUDSLIDES",2/6/2019,3/10/2019,4428,Severe Storm,77528,1778189,0.043599415,0.001489075,1528,74.66131491,3,1.35
Louisville SMM xAOC,DR-4497-KY,COVID-19 PANDEMIC,1/20/2020,4/16/2020,4497,Biological,1778189,1778189,1,0,NA,NA,NA,NA
Louisville SMM xAOC,DR-4592-KY,"SEVERE WINTER STORMS, LANDSLIDES, AND MUDSLIDES",2/8/2021,2/19/2021,4592,Severe Ice Storm,91193,1778189,0.0512842,0,3637,126.5658719,2,8.833333333
Louisville SMM xAOC,DR-4595-KY,"SEVERE, STORMS, FLOODING, LANDSLIDES, AND MUDSLIDES",2/27/2021,3/14/2021,4595,Flood,19237,1778189,0.01081831,0,0,0,0,0
Louisville SMM xAOC,DR-4643-KY,"SEVERE STORMS, STRAIGHT-LINE WINDS, TORNADOES, FLOODING, LANDSLIDES",12/31/2021,1/2/2022,4643,Severe Storm,36684,1778189,0.020629978,0,0,0,0,0
Louisville SMM xAOC,DR-4702-KY,"SEVERE STORMS, STRAIGHT-LINE WINDS, TORNADOES, FLOODING, LANDSLIDES, AND MUDSLIDES",3/3/2023,3/4/2023,4702,Severe Storm,1277095,1778189,0.718199809,0.001980492,183785,87201.35295,213,28.07352941
Louisville SMM xAOC,EM-3575-KY,"SEVERE STORMS, STRAIGHT-LINE WINDS, FLOODING, AND TORNADOES",12/10/2021,12/11/2021,3575,Tornado,496258,1778189,0.27908057,3.08E-04,9373,2175.769414,10,14.20833333
Memphis SMM xAOC,DR-4427-TN,"SEVERE STORMS, FLOODING, LANDSLIDES, AND MUDSLIDES",2/19/2019,3/30/2019,4427,Flood,150107,1807993,0.083024105,0.001703205,7512,227.2454926,3,7.5625
Memphis SMM xAOC,DR-4429-MS,"SEVERE STORMS, STRAIGHT-LINE WINDS, TORNADOES, AND FLOODING",2/22/2019,8/23/2019,4429,Severe Storm,154287,1807993,0.08533606,0.001491028,6498,93.92825865,4,38.8
Memphis SMM xAOC,DR-4470-MS,"SEVERE STORM, STRAIGHT-LINE WINDS, AND FLOODING",10/26/2019,10/26/2019,4470,Severe Storm,59064,1807993,0.032668268,0.005835563,5063,1407.085106,1,4.25
Memphis SMM xAOC,DR-4471-TN,SEVERE STORM AND STRAIGHT-LINE WINDS,10/26/2019,10/26/2019,4471,Severe Storm,25662,1807993,0.014193639,5.12E-04,0,0,0,0
Memphis SMM xAOC,DR-4478-MS,"SEVERE STORMS, TORNADOES, STRAIGHT-LINE WINDS, AND FLOODING",1/10/2020,1/11/2020,4478,Severe Storm,226295,1807993,0.125163648,0.003394515,18078,4476.308437,3,13.75
Memphis SMM xAOC,DR-4514-TN,COVID-19 PANDEMIC,1/20/2020,4/16/2020,4514,Biological,1807993,1807993,1,0,NA,NA,NA,NA
Memphis SMM xAOC,DR-4536-MS,"SEVERE STORMS, TORNADOES, STRAIGHT-LINE WINDS, AND FLOODING",4/12/2020,4/12/2020,4536,Severe Storm,155150,1807993,0.085813385,8.53E-04,8199,916.8878391,105,2.625
Memphis SMM xAOC,DR-4550-TN,"SEVERE STORMS, STRAIGHT-LINE WINDS, AND FLOODING",5/3/2020,5/4/2020,4550,Severe Storm,37122,1807993,0.020532159,2.64E-05,730,69.50280449,2,1.5
Memphis SMM xAOC,DR-4556-AR,SEVERE STORMS AND STRAIGHT-LINE WINDS,4/12/2020,4/12/2020,4556,Tornado,17769,1807993,0.009828025,1.50E-04,285,15.35714286,1,0.25
Memphis SMM xAOC,DR-4594-TN,SEVERE WINTER STORMS,2/11/2021,2/19/2021,4594,Severe Ice Storm,998117,1807993,0.552058,0.005980481,12564,928.4867526,1,115.75
Memphis SMM xAOC,DR-4601-TN,"SEVERE STORMS, TORNADOES, AND FLOODING",3/25/2021,4/3/2021,4601,Tornado,50711,1807993,0.028048228,0.001031914,0,0,0,0
Memphis SMM xAOC,DR-4633-AR,SEVERE STORMS AND TORNADOES,12/10/2021,12/11/2021,4633,Tornado,64219,1807993,0.035519496,0,7922,2669.556647,14,21.625
Memphis SMM xAOC,DR-4645-TN,SEVERE WINTER STORM,2/3/2022,2/4/2022,4645,Severe Storm,1096870,1807993,0.606678234,0.033539364,157080,96666.14898,26,27.33333333
Memphis SMM xAOC,DR-4691-TN,SEVERE WINTER STORM,12/22/2022,12/27/2022,4691,Winter Storm,937070,1807993,0.518292936,0.001808365,84234,4875.862438,1,65.25
Memphis SMM xAOC,DR-4697-MS,"SEVERE STORMS, STRAIGHT-LINE WINDS, AND TORNADOES",3/24/2023,3/25/2023,4697,Severe Storm,34102,1807993,0.018861799,0.00104818,2749,515.1458333,0,22.25
Memphis SMM xAOC,DR-4698-AR,SEVERE STORMS AND TORNADOES,3/31/2023,3/31/2023,4698,Severe Storm,16333,1807993,0.009033774,0.012333964,6752,2407.190476,17,2
Memphis SMM xAOC,DR-4701-TN,"SEVERE STORMS, STRAIGHT-LINE WINDS, AND TORNADOES",3/31/2023,4/1/2023,4701,Severe Storm,129670,1807993,0.07172041,0.040175644,19184,4330.178819,53,11.8125
Memphis SMM xAOC,DR-4712-TN,"SEVERE STORMS, STRAIGHT-LINE WINDS, AND TORNADO",3/1/2023,3/3/2023,4712,Severe Storm,118756,1807993,0.065683883,1.11E-04,9911,1745.2998,2,5.875
Memphis SMM xAOC,DR-4729-TN,SEVERE STORMS AND STRAIGHT-LINE WINDS,6/25/2023,6/26/2023,4729,Severe Storm,1039829,1807993,0.575128886,0.015146977,147592,54976.26581,3,25.33333333
Memphis SMM xAOC,DR-4735-TN,SEVERE STORMS AND STRAIGHT-LINE WINDS,7/18/2023,7/21/2023,4735,Severe Storm,1039829,1807993,0.575128886,0.00157497,151436,39026.90195,37,40.75
Memphis SMM xAOC,DR-4748-AR,"SEVERE STORMS, STRAIGHT-LINE WINDS, AND TORNADOES",6/25/2023,6/26/2023,4748,Severe Storm,23502,1807993,0.012998944,3.24E-04,5070,2241.661458,0,25
Memphis SMM xAOC,EM-3541-AR,HURRICANE LAURA,8/26/2020,8/28/2020,3541,Hurricane,180111,1807993,0.099619302,0,3040,484.2597591,8,17.17857143
Memphis SMM xAOC,EM-3569-MS,HURRICANE IDA,8/28/2021,9/1/2021,3569,Hurricane,886358,1807993,0.490244154,0,4181,320.8609406,6,4.25
Memphis SMM xAOC,EM-3576-TN,"SEVERE STORMS, STRAIGHT-LINE WINDS, AND TORNADOES",12/10/2021,12/11/2021,3576,Tornado,74244,1807993,0.041064318,0,1680,389.1038961,1,17.75
Miami/West Palm Beach SMM xAOC,DR-4486-FL,COVID-19 PANDEMIC,1/20/2020,4/16/2020,4486,Biological,6929939,6929939,1,0,NA,NA,NA,NA
Miami/West Palm Beach SMM xAOC,DR-4673-FL,HURRICANE IAN,9/23/2022,11/4/2022,4673,Hurricane,6929939,6929939,1,0.015911107,193833,4464.843221,0,269.5625
Miami/West Palm Beach SMM xAOC,DR-4680-FL,HURRICANE NICOLE,11/7/2022,11/30/2022,4680,Hurricane,6856042,6929939,0.989336558,0.031911964,57424,1505.173737,0,104.5357143
Miami/West Palm Beach SMM xAOC,DR-4709-FL,"SEVERE STORMS, TORNADOES, AND FLOODING",4/12/2023,4/14/2023,4709,Flood,1955475,6929939,0.282177808,0.002613648,10140,1547.069444,0,62
Miami/West Palm Beach SMM xAOC,EM-3419-FL,HURRICANE DORIAN,8/28/2019,9/9/2019,3419,Hurricane,6929939,6929939,1,0.032350967,38664,1404.761451,9,86.53125
Miami/West Palm Beach SMM xAOC,EM-3533-FL,HURRICANE ISAIAS,7/31/2020,8/4/2020,3533,Hurricane,6929939,6929939,1,0.001158415,50666,1374.126275,15,36.15625
Miami/West Palm Beach SMM xAOC,EM-3560-FL,SURFSIDE BUILDING COLLAPSE,6/24/2021,7/4/2021,3560,Other,2711612,6929939,0.391289447,0.057581115,5886,380.5267145,13,209
Miami/West Palm Beach SMM xAOC,EM-3561-FL,TROPICAL STORM ELSA,7/4/2021,7/8/2021,3561,Severe Storm,2785509,6929939,0.401952889,0,6781,666.581812,33,59
Miami/West Palm Beach SMM xAOC,EM-3584-FL,TROPICAL STORM IAN,9/23/2022,11/4/2022,3584,Hurricane,6929939,6929939,1,0,193833,4464.843221,0,269.5625
Miami/West Palm Beach SMM xAOC,EM-3587-FL,TROPICAL STORM NICOLE,11/7/2022,11/30/2022,3587,Tropical Storm,6856042,6929939,0.989336558,0,57424,1505.173737,0,104.5357143
Milwaukee SMM xAOC,DR-4477-WI,SEVERE WINTER STORM AND FLOODING,1/10/2020,1/12/2020,4477,Flood,1312975,2335004,0.562300964,0.00457692,6970,527.0026997,3,12
Milwaukee SMM xAOC,DR-4520-WI,COVID-19 PANDEMIC,1/20/2020,4/16/2020,4520,Biological,2335004,2335004,1,0,NA,NA,NA,NA
Minneapolis/St. Paul SMM xAOC,DR-4442-MN,"SEVERE WINTER STORM, STRAIGHT-LINE WINDS, AND FLOODING",3/12/2019,4/28/2019,4442,Flood,1349652,4846565,0.278475993,0.029150325,26665,895.8804897,14,14.46
Minneapolis/St. Paul SMM xAOC,DR-4459-WI,"SEVERE STORMS, TORNADOES, STRAIGHT-LINE WINDS, AND FLOODING",7/18/2019,7/20/2019,4459,Flood,88931,4846565,0.018349284,0.004378581,14130,4826.497916,2,25.125
Minneapolis/St. Paul SMM xAOC,DR-4520-WI,COVID-19 PANDEMIC,1/20/2020,4/16/2020,4520,Biological,4846565,4846565,1,0,NA,NA,NA,NA
Minneapolis/St. Paul SMM xAOC,DR-4658-MN,"SEVERE STORMS, STRAIGHT-LINE WINDS, TORNADOES, AND FLOODING",5/8/2022,5/13/2022,4658,Severe Storm,473059,4846565,0.097607068,0.007133753,38071,7245.567418,1179,19.85
Minneapolis/St. Paul SMM xAOC,DR-4659-MN,"SEVERE STORMS, STRAIGHT-LINE WINDS, AND FLOODING",4/22/2022,6/15/2022,4659,Flood,47205,4846565,0.009739888,7.25E-04,6734,71.02208482,0,27.75
Minneapolis/St. Paul SMM xAOC,DR-4666-MN,"SEVERE STORMS, STRAIGHT-LINE WINDS, TORNADOES, AND FLOODING",5/29/2022,5/30/2022,4666,Severe Storm,388821,4846565,0.080226098,0.003265464,31378,4209.137381,356,4.15
Minneapolis/St. Paul SMM xAOC,DR-4722-MN,SEVERE STORMS AND FLOODING,4/11/2023,4/30/2023,4722,Flood,203785,4846565,0.042047306,0.004246946,3677,233.5618647,1,2.642857143
Mobile/Pensacola SMM xAOC,DR-4486-FL,COVID-19 PANDEMIC,1/20/2020,4/16/2020,4486,Biological,1499705,1499705,1,0,NA,NA,NA,NA
Mobile/Pensacola SMM xAOC,DR-4551-MS,"SEVERE STORMS, TORNADOES, STRAIGHT-LINE WINDS, AND FLOODING",4/22/2020,4/23/2020,4551,Severe Storm,24435,1499705,0.016293204,1.74E-04,5057,736.2033333,1,12.25
Mobile/Pensacola SMM xAOC,DR-4573-AL,HURRICANE ZETA,10/28/2020,10/29/2020,4573,Hurricane,512139,1499705,0.341493161,0.041144191,128470,55333.04431,337,22.0625
Mobile/Pensacola SMM xAOC,DR-4673-FL,HURRICANE IAN,9/23/2022,11/4/2022,4673,Hurricane,715377,1499705,0.477011812,0,5796,55.21700703,0,29.08333333
Mobile/Pensacola SMM xAOC,DR-4684-AL,"SEVERE STORMS, STRAIGHT-LINE WINDS, AND TORNADOES",1/12/2023,1/12/2023,4684,Severe Storm,425571,1499705,0.283769808,5.29E-05,979,165.7666667,4,2.625
Mobile/Pensacola SMM xAOC,DR-4727-MS,"SEVERE STORMS, STRAIGHT-LINE WINDS, AND TORNADOES.",6/14/2023,6/19/2023,4727,Severe Storm,13569,1499705,0.009047779,0,1514,96.72163368,0,19.5
Mobile/Pensacola SMM xAOC,EM-3419-FL,HURRICANE DORIAN,8/28/2019,9/9/2019,3419,Hurricane,715377,1499705,0.477011812,0,2223,57.23288491,3,9.25
Mobile/Pensacola SMM xAOC,EM-3539-MS,HURRICANE MARCO AND TROPICAL STORM LAURA,8/23/2020,8/29/2020,3539,Hurricane,38004,1499705,0.025340984,0,692,30.10961736,2,0.25
Mobile/Pensacola SMM xAOC,EM-3544-MS,HURRICANE SALLY,9/14/2020,9/17/2020,3544,Hurricane,38004,1499705,0.025340984,0,2528,175.7909147,2,9.375
Mobile/Pensacola SMM xAOC,EM-3545-AL,HURRICANE SALLY,9/14/2020,9/16/2020,3545,Hurricane,1476369,1499705,0.984439607,0.188282208,288508,60180.1001,22,24.85714286
Mobile/Pensacola SMM xAOC,EM-3546-FL,HURRICANE SALLY,9/14/2020,9/28/2020,3546,Hurricane,1430754,1499705,0.954023624,0.136801267,253093,42988.43872,3,161.25
Mobile/Pensacola SMM xAOC,EM-3548-MS,HURRICANE DELTA,10/7/2020,10/11/2020,3548,Hurricane,24435,1499705,0.016293204,0,736,24.89364237,1,2.25
Mobile/Pensacola SMM xAOC,EM-3550-MS,HURRICANE ZETA,10/27/2020,10/29/2020,3550,Hurricane,38004,1499705,0.025340984,0,21140,7056.182179,9,23.75
Mobile/Pensacola SMM xAOC,EM-3562-FL,TROPICAL STORM FRED,8/13/2021,8/19/2021,3562,Hurricane,715377,1499705,0.477011812,0,7854,158.8823136,3,9.166666667
Mobile/Pensacola SMM xAOC,EM-3569-MS,HURRICANE IDA,8/28/2021,9/1/2021,3569,Hurricane,76008,1499705,0.050681968,6.25E-04,584,55.11577075,2,5.625
Mobile/Pensacola SMM xAOC,EM-3584-FL,TROPICAL STORM IAN,9/23/2022,11/4/2022,3584,Hurricane,715377,1499705,0.477011812,0,5796,55.21700703,0,29.08333333
Mobile/Pensacola SMM xAOC,FM-5307-FL,5 MILE SWAMP FIRE,5/6/2020,6/5/2020,5307,Fire,184587,1499705,0.123082206,0,3286,37.90619861,1,46.25
Nashville SMM xAOC,DR-4427-TN,"SEVERE STORMS, FLOODING, LANDSLIDES, AND MUDSLIDES",2/19/2019,3/30/2019,4427,Flood,617301,2983938,0.206874607,0.003025397,8736,809.3093717,8,2.032608696
Nashville SMM xAOC,DR-4428-KY,"SEVERE STORMS, STRAIGHT-LINE WINDS, FLOODING, LANDSLIDES, AND MUDSLIDES",2/6/2019,3/10/2019,4428,Severe Storm,21292,2983938,0.007135537,9.46E-04,4553,179.0448247,2,14.625
Nashville SMM xAOC,DR-4471-TN,SEVERE STORM AND STRAIGHT-LINE WINDS,10/26/2019,10/26/2019,4471,Severe Storm,289144,2983938,0.096900137,0.005336341,36834,3500.728814,1,0.607142857
Nashville SMM xAOC,DR-4476-TN,"SEVERE STORMS, TORNADOES, STRAIGHT-LINE WINDS, AND FLOODING",3/3/2020,3/3/2020,4476,Tornado,953777,2983938,0.319637003,0.048315469,85638,49294.23217,3,8.5
Nashville SMM xAOC,DR-4497-KY,COVID-19 PANDEMIC,1/20/2020,4/16/2020,4497,Biological,2983938,2983938,1,0,NA,NA,NA,NA
Nashville SMM xAOC,DR-4540-KY,"SEVERE STORMS, FLOODING, LANDSLIDES, AND MUDSLIDES",2/3/2020,2/29/2020,4540,Severe Storm,10654,2983938,0.00357045,2.24E-05,524,81.14285714,1,0.75
Nashville SMM xAOC,DR-4550-TN,"SEVERE STORMS, STRAIGHT-LINE WINDS, AND FLOODING",5/3/2020,5/4/2020,4550,Severe Storm,1020237,2983938,0.341909584,0.003397177,161932,65635.91191,6,7.895833333
Nashville SMM xAOC,DR-4592-KY,"SEVERE WINTER STORMS, LANDSLIDES, AND MUDSLIDES",2/8/2021,2/19/2021,4592,Severe Ice Storm,10200,2983938,0.003418302,0,5992,926.3483553,1,90
Nashville SMM xAOC,DR-4594-TN,SEVERE WINTER STORMS,2/11/2021,2/19/2021,4594,Severe Ice Storm,287081,2983938,0.096208768,0.002214962,42583,3108.388567,5,33.425
Nashville SMM xAOC,DR-4595-KY,"SEVERE, STORMS, FLOODING, LANDSLIDES, AND MUDSLIDES",2/27/2021,3/14/2021,4595,Flood,6626,2983938,0.002220556,0.002219104,368,198.8,6,0.25
Nashville SMM xAOC,DR-4601-TN,"SEVERE STORMS, TORNADOES, AND FLOODING",3/25/2021,4/3/2021,4601,Tornado,1349935,2983938,0.452400486,0.011922894,26031,1489.471925,6,18.39285714
Nashville SMM xAOC,DR-4609-TN,SEVERE STORM AND FLOODING,8/21/2021,8/21/2021,4609,Flood,105813,2983938,0.035460857,0.035804736,0,0,0,0
Nashville SMM xAOC,DR-4630-KY,"SEVERE STORMS, STRAIGHT-LINE WINDS, FLOODING, AND TORNADOES",12/10/2021,12/11/2021,4630,Tornado,111006,2983938,0.037201175,4.70E-04,13561,5643.498265,1967,17.41666667
Nashville SMM xAOC,DR-4643-KY,"SEVERE STORMS, STRAIGHT-LINE WINDS, TORNADOES, FLOODING, LANDSLIDES",12/31/2021,1/2/2022,4643,Severe Storm,71577,2983938,0.023987429,2.44E-04,457,5.830188679,0,0.25
Nashville SMM xAOC,DR-4663-KY,"SEVERE STORMS, FLOODING, LANDSLIDES, AND MUDSLIDES",7/26/2022,8/11/2022,4663,Flood,6626,2983938,0.002220556,6.64E-04,0,0,0,0
Nashville SMM xAOC,DR-4691-TN,SEVERE WINTER STORM,12/22/2022,12/27/2022,4691,Winter Storm,934552,2983938,0.313194175,0.001760694,126852,7094.96191,2,22.35
Nashville SMM xAOC,DR-4701-TN,"SEVERE STORMS, STRAIGHT-LINE WINDS, AND TORNADOES",3/31/2023,4/1/2023,4701,Severe Storm,429724,2983938,0.144012376,9.77E-04,7467,689.6308254,4,6.375
Nashville SMM xAOC,DR-4702-KY,"SEVERE STORMS, STRAIGHT-LINE WINDS, TORNADOES, FLOODING, LANDSLIDES, AND MUDSLIDES",3/3/2023,3/4/2023,4702,Severe Storm,193002,2983938,0.064680298,0.001365134,48865,26292.57507,4043,29.08333333
Nashville SMM xAOC,DR-4712-TN,"SEVERE STORMS, STRAIGHT-LINE WINDS, AND TORNADO",3/1/2023,3/3/2023,4712,Severe Storm,1580035,2983938,0.529513348,0.012182165,237317,19287.66763,9,3.90625
Nashville SMM xAOC,DR-4735-TN,SEVERE STORMS AND STRAIGHT-LINE WINDS,7/18/2023,7/21/2023,4735,Severe Storm,32309,2983938,0.010827638,1.94E-04,10954,703.3718173,0,43.25
Nashville SMM xAOC,DR-4742-TN,"SEVERE STORMS, STRAIGHT-LINE WINDS, AND TORNADO",8/7/2023,8/7/2023,4742,Severe Storm,62591,2983938,0.020975972,0,7023,4001.474359,12,5.625
Nashville SMM xAOC,DR-4751-TN,SEVERE STORMS AND TORNADOES,12/9/2023,12/9/2023,4751,Severe Storm,1274379,2983938,0.427079584,0.001564476,54528,8668.537976,667,1.964285714
Nashville SMM xAOC,EM-3552-TN,EXPLOSION,12/25/2020,12/25/2020,3552,Other,692999,2983938,0.232243096,0,1142,58.30952381,1,1.25
Nashville SMM xAOC,EM-3576-TN,"SEVERE STORMS, STRAIGHT-LINE WINDS, AND TORNADOES",12/10/2021,12/11/2021,3576,Tornado,1301294,2983938,0.436099544,0.003866214,3126,1019.339286,2,5.8125
New Orleans SMM xAOC,DR-4458-LA,HURRICANE BARRY,7/10/2019,7/15/2019,4458,Hurricane,1334709,1766640,0.755507064,0.018064055,102817,14364.46677,17,64.19444444
New Orleans SMM xAOC,DR-4462-LA,FLOODING,5/10/2019,7/24/2019,4462,Flood,110615,1766640,0.062613209,0,25602,601.4169447,1,217
New Orleans SMM xAOC,DR-4484-LA,COVID-19 PANDEMIC,1/20/2020,4/16/2020,4484,Biological,1766640,1766640,1,0,NA,NA,NA,NA
New Orleans SMM xAOC,DR-4559-LA,HURRICANE LAURA,8/22/2020,8/27/2020,4559,Hurricane,1663215,1766640,0.941456663,0.006931059,15119,753.1571063,12,10.125
New Orleans SMM xAOC,DR-4576-MS,HURRICANE ZETA,10/28/2020,10/29/2020,4576,Hurricane,47673,1766640,0.026985124,0.0169176,20924,8226.795656,1,25.5
New Orleans SMM xAOC,DR-4577-LA,HURRICANE ZETA,10/26/2020,10/29/2020,4577,Hurricane,1663215,1766640,0.941456663,0.043247959,519485,130866.9018,25,27.83333333
New Orleans SMM xAOC,DR-4590-LA,SEVERE WINTER STORMS,2/11/2021,2/19/2021,4590,Severe Ice Storm,1663215,1766640,0.941456663,1.34E-04,78658,3195.918795,11,35.75
New Orleans SMM xAOC,DR-4606-LA,"SEVERE STORMS, TORNADOES, AND FLOODING",5/17/2021,5/21/2021,4606,Flood,97618,1766640,0.055256306,0,1378,62.42607143,1,14.5
New Orleans SMM xAOC,DR-4611-LA,HURRICANE IDA,8/26/2021,9/3/2021,4611,Hurricane,1663215,1766640,0.941456663,1.430995617,761456,407764.9288,12,138.5833333
New Orleans SMM xAOC,EM-3413-LA,FLOODING,5/10/2019,6/17/2019,3413,Flood,110615,1766640,0.062613209,0,777,37.99853209,1,15
New Orleans SMM xAOC,EM-3416-LA,TROPICAL STORM BARRY,7/10/2019,7/15/2019,3416,Coastal Storm,1663215,1766640,0.941456663,0,110597,14837.54444,20,59.27083333
New Orleans SMM xAOC,EM-3527-LA,TROPICAL STORM CRISTOBAL,6/5/2020,6/9/2020,3527,Coastal Storm,1663215,1766640,0.941456663,1.23E-04,21109,1335.041682,15,17.58333333
New Orleans SMM xAOC,EM-3538-LA,TROPICAL STORMS LAURA  AND MARCO,8/22/2020,8/27/2020,3538,Hurricane,1663215,1766640,0.941456663,0,15119,753.1571063,12,10.125
New Orleans SMM xAOC,EM-3539-MS,HURRICANE MARCO AND TROPICAL STORM LAURA,8/23/2020,8/29/2020,3539,Hurricane,103425,1766640,0.058543337,0,383,11.93595168,1,0.125
New Orleans SMM xAOC,EM-3543-LA,HURRICANE SALLY,9/13/2020,9/16/2020,3543,Hurricane,1663215,1766640,0.941456663,0.002736647,10778,987.1295133,16,5.625
New Orleans SMM xAOC,EM-3544-MS,HURRICANE SALLY,9/14/2020,9/17/2020,3544,Hurricane,103425,1766640,0.058543337,6.29E-05,670,37.05328844,2,0.875
New Orleans SMM xAOC,EM-3547-LA,HURRICANE DELTA,10/6/2020,10/10/2020,3547,Hurricane,1766640,1766640,1,0.004060073,74538,5133.803122,16,25.45833333
New Orleans SMM xAOC,EM-3548-MS,HURRICANE DELTA,10/7/2020,10/11/2020,3548,Hurricane,103425,1766640,0.058543337,0,2165,79.36210875,2,6.5
New Orleans SMM xAOC,EM-3549-LA,TROPICAL STORM ZETA,10/26/2020,10/29/2020,3549,Hurricane,1663215,1766640,0.941456663,0,519485,130866.9018,25,27.83333333
New Orleans SMM xAOC,EM-3550-MS,HURRICANE ZETA,10/27/2020,10/29/2020,3550,Hurricane,103425,1766640,0.058543337,0,32000,7599.245834,2,25.5
New Orleans SMM xAOC,EM-3556-LA,SEVERE WINTER STORM,2/11/2021,2/19/2021,3556,Severe Ice Storm,1663215,1766640,0.941456663,0,78658,3195.918795,11,35.75
New Orleans SMM xAOC,EM-3568-LA,TROPICAL STORM IDA,8/26/2021,9/3/2021,3568,Hurricane,1663215,1766640,0.941456663,0,761456,407764.9288,12,138.5833333
New Orleans SMM xAOC,EM-3569-MS,HURRICANE IDA,8/28/2021,9/1/2021,3569,Hurricane,206850,1766640,0.117086674,0.005743456,28630,6464.764836,2,63.625
New Orleans SMM xAOC,EM-3574-LA,TROPICAL STORM NICHOLAS,9/12/2021,9/18/2021,3574,Coastal Storm,1663215,1766640,0.941456663,3.20E-06,158637,71230.05529,24922,130.4791667
New Orleans SMM xAOC,EM-3600-LA,SEAWATER INTRUSION,9/20/2023,2/9/2024,3600,Other,895724,1766640,0.507021238,0.007630283,39655,316.4435568,0,182.5
New York SMM xAOC,DR-4480-NY,COVID-19 PANDEMIC,1/20/2020,4/16/2020,4480,Biological,21214705,21214705,1,0,NA,NA,NA,NA
New York SMM xAOC,DR-4597-NJ,SEVERE WINTER STORM AND SNOWSTORM,1/31/2021,2/2/2021,4597,Snowstorm,1345240,21214705,0.063410733,0.008406672,8315,574.6879976,8,8.4375
New York SMM xAOC,DR-4629-CT,REMNANTS OF HURRICANE IDA,9/1/2021,9/2/2021,4629,Hurricane,944388,21214705,0.044515726,0.003160092,9453,2742.71308,1,23.75
New York SMM xAOC,DR-4694-NY,SEVERE WINTER STORM AND SNOWSTORM,12/23/2022,12/28/2022,4694,Snowstorm,1478325,21214705,0.069683976,3.12E-04,7902,491.6486895,4,43.5
New York SMM xAOC,DR-4723-NY,SEVERE STORMS AND FLOODING,7/9/2023,7/10/2023,4723,Severe Storm,1103747,21214705,0.05202745,0.010498328,8371,2028.849583,10,20.25
New York SMM xAOC,DR-4725-NJ,SEVERE STORM AND FLOODING,7/14/2023,7/15/2023,4725,Severe Storm,105455,21214705,0.004970845,0.002391933,1145,399.6014093,4,25.5
New York SMM xAOC,DR-4755-NY,SEVERE STORM AND FLOODING,9/28/2023,9/30/2023,4755,Flood,4886869,21214705,0.230352909,0.0012826,4539,909.0578547,89,42.75
New York SMM xAOC,EM-3535-CT,TROPICAL STORM ISAIAS,8/4/2020,8/4/2020,3535,Hurricane,11832979,21214705,0.557772498,0.11945859,175182,33121.69792,2,21.75
New York SMM xAOC,EM-3564-CT,HURRICANE HENRI,8/21/2021,8/24/2021,3564,Hurricane,14447409,21214705,0.681009187,0,2630,208.2800739,1,35.75
New York SMM xAOC,EM-3572-NY,REMNANTS OF HURRICANE IDA,9/1/2021,9/3/2021,3572,Hurricane,21214705,21214705,1,0.413567951,69699,13185.03629,32,34.71428571
Norfolk/Portsmouth/Newport News SMM xAOC,DR-4487-NC,COVID-19 PANDEMIC,1/20/2020,4/16/2020,4487,Biological,1018870,1018870,1,0,NA,NA,NA,NA
Norfolk/Portsmouth/Newport News SMM xAOC,DR-4543-NC,"SEVERE STORMS, TORNADOES, AND FLOODING",2/6/2020,2/19/2020,4543,Severe Storm,13578,1018870,0.013326528,0,697,117.3970983,1,5.5
Norfolk/Portsmouth/Newport News SMM xAOC,DR-4588-NC,TROPICAL STORM ETA,11/12/2020,11/15/2020,4588,Severe Storm,23642,1018870,0.023204138,0,1192,125.8174603,1,5.5
Norfolk/Portsmouth/Newport News SMM xAOC,EM-3423-NC,HURRICANE DORIAN,9/1/2019,9/9/2019,3423,Hurricane,321622,1018870,0.315665394,0.021329997,59305,6668.87307,9,37.09375
Norfolk/Portsmouth/Newport News SMM xAOC,EM-3534-NC,HURRICANE ISAIAS,7/31/2020,8/4/2020,3534,Hurricane,215959,1018870,0.211959328,3.24E-04,36237,6216.671955,36,17.65625
Norfolk/Portsmouth/Newport News SMM xAOC,EM-3586-NC,HURRICANE IAN,9/28/2022,10/4/2022,3586,Hurricane,178400,1018870,0.17509594,0,6468,400.9894918,0,2.03125
Orlando/Daytona Beach/Melborne SMM xAOC,DR-4486-FL,COVID-19 PANDEMIC,1/20/2020,4/16/2020,4486,Biological,4378612,4378612,1,0,NA,NA,NA,NA
Orlando/Daytona Beach/Melborne SMM xAOC,DR-4673-FL,HURRICANE IAN,9/23/2022,11/4/2022,4673,Hurricane,4378612,4378612,1,0.100461488,814847,33657.26001,0,237.9166667
Orlando/Daytona Beach/Melborne SMM xAOC,DR-4680-FL,HURRICANE NICOLE,11/7/2022,11/30/2022,4680,Hurricane,4378612,4378612,1,0.023828316,270254,6956.325138,0,91.52777778
Orlando/Daytona Beach/Melborne SMM xAOC,DR-4734-FL,HURRICANE IDALIA,8/27/2023,9/4/2023,4734,Hurricane,4378612,4378612,1,0.001762222,25240,870.4191304,1,28.47222222
Orlando/Daytona Beach/Melborne SMM xAOC,EM-3419-FL,HURRICANE DORIAN,8/28/2019,9/9/2019,3419,Hurricane,4378612,4378612,1,0.014475495,38635,882.6128455,9,36.08333333
Orlando/Daytona Beach/Melborne SMM xAOC,EM-3533-FL,HURRICANE ISAIAS,7/31/2020,8/4/2020,3533,Hurricane,3511902,4378612,0.802058278,3.13E-05,7667,380.8844344,6,16.95833333
Orlando/Daytona Beach/Melborne SMM xAOC,EM-3551-FL,HURRICANE ETA,11/7/2020,11/12/2020,3551,Hurricane,499769,4378612,0.114138681,0,7362,289.7038684,2,19.375
Orlando/Daytona Beach/Melborne SMM xAOC,EM-3561-FL,TROPICAL STORM ELSA,7/4/2021,7/8/2021,3561,Severe Storm,866710,4378612,0.197941722,9.14E-06,6116,223.4443976,3,18.83333333
Orlando/Daytona Beach/Melborne SMM xAOC,EM-3584-FL,TROPICAL STORM IAN,9/23/2022,11/4/2022,3584,Hurricane,4378612,4378612,1,0,814847,33657.26001,0,237.9166667
Orlando/Daytona Beach/Melborne SMM xAOC,EM-3587-FL,TROPICAL STORM NICOLE,11/7/2022,11/30/2022,3587,Tropical Storm,4378612,4378612,1,0,270254,6956.325138,0,91.52777778
Orlando/Daytona Beach/Melborne SMM xAOC,EM-3596-FL,TROPICAL STORM IDALIA,8/27/2023,9/4/2023,3596,Tropical Storm,4378612,4378612,1,0,25240,870.4191304,1,28.47222222
Philadelphia SMM xAOC,DR-4488-NJ,COVID-19 PANDEMIC,1/20/2020,4/16/2020,4488,Biological,8151317,8151317,1,0,NA,NA,NA,NA
Philadelphia SMM xAOC,DR-4566-DE,TROPICAL STORM ISAIAS,8/4/2020,8/7/2020,4566,Hurricane,741433,8151317,0.090958676,0.002115083,35579,7312.790949,5,58
Philadelphia SMM xAOC,DR-4574-NJ,TROPICAL STORM ISAIAS,8/4/2020,8/4/2020,4574,Hurricane,1305238,8151317,0.160126026,0.007395722,227936,106164.4925,36,11.54166667
Philadelphia SMM xAOC,DR-4597-NJ,SEVERE WINTER STORM AND SNOWSTORM,1/31/2021,2/2/2021,4597,Snowstorm,92247,8151317,0.011316822,0.001069029,240,24.29674338,4,2.5
Philadelphia SMM xAOC,DR-4618-PA,REMNANTS OF HURRICANE IDA,8/31/2021,9/5/2021,4618,Hurricane,4440413,8151317,0.544747922,0.068925445,87768,14005.28381,20,86.45833333
Philadelphia SMM xAOC,DR-4627-DE,REMNANTS OF HURRICANE IDA,9/1/2021,9/7/2021,4627,Hurricane,559941,8151317,0.068693317,0.001490792,3338,182.6833041,4,60.75
Philadelphia SMM xAOC,EM-3573-NJ,REMNANTS OF HURRICANE IDA,9/1/2021,9/3/2021,3573,Hurricane,4359576,8151317,0.534830874,0.011318809,27949,3194.01382,32,17.21875
Phoenix/Prescott SMM xAOC,DR-4524-AZ,COVID-19 PANDEMIC,1/20/2020,4/16/2020,4524,Biological,5782504,5782504,1,0,NA,NA,NA,NA
Phoenix/Prescott SMM xAOC,DR-4620-AZ,SEVERE STORMS AND FLOODING,7/22/2021,7/24/2021,4620,Flood,255004,5782504,0.044099235,6.77E-04,5461,598.8936294,14,11.25
Phoenix/Prescott SMM xAOC,FM-5284-AZ,MUSEUM FIRE,7/22/2019,8/12/2019,5284,Fire,143967,5782504,0.024897,0,0,0,0,0
Phoenix/Prescott SMM xAOC,FM-5310-AZ,EAST DESERT FIRE,5/17/2020,5/22/2020,5310,Fire,4492261,5782504,0.776871231,0,0,0,0,0
Phoenix/Prescott SMM xAOC,FM-5311-AZ,OCOTILLO FIRE,5/30/2020,6/3/2020,5311,Fire,4492261,5782504,0.776871231,0,0,0,0,0
Phoenix/Prescott SMM xAOC,FM-5313-AZ,BUSH FIRE,6/20/2020,7/6/2020,5313,Fire,4546338,5782504,0.786223062,0,0,0,0,0
Phoenix/Prescott SMM xAOC,FM-5314-AZ,AQUILA FIRE,6/23/2020,6/26/2020,5314,Fire,4492261,5782504,0.776871231,0,0,0,0,0
Phoenix/Prescott SMM xAOC,FM-5315-AZ,AVONDALE FIRE,6/27/2020,6/30/2020,5315,Fire,4492261,5782504,0.776871231,0,0,0,0,0
Phoenix/Prescott SMM xAOC,FM-5340-AZ,GRIFFIN FIRE,8/17/2020,9/6/2020,5340,Fire,54077,5782504,0.009351831,0,0,0,0,0
Phoenix/Prescott SMM xAOC,FM-5385-AZ,MARGO FIRE,4/8/2021,4/10/2021,5385,Fire,461640,5782504,0.079833927,0,1654,353.1997019,1,3
Phoenix/Prescott SMM xAOC,FM-5387-AZ,SPUR FIRE,5/27/2021,5/29/2021,5387,Fire,236062,5782504,0.040823491,0,1068,281.3613215,6,16.75
Phoenix/Prescott SMM xAOC,FM-5389-AZ,TELEGRAPH FIRE,6/6/2021,6/24/2021,5389,Fire,515717,5782504,0.089185758,0,3444,344.9358433,6,76.25
Phoenix/Prescott SMM xAOC,FM-5434-AZ,TUNNEL 2 FIRE,4/19/2022,4/28/2022,5434,Fire,143967,5782504,0.024897,0,3772,209.1742217,0,33.75
Phoenix/Prescott SMM xAOC,FM-5435-AZ,CROOKS FIRE,4/18/2022,5/2/2022,5435,Fire,236062,5782504,0.040823491,0,658,47.75056755,0,5.75
Phoenix/Prescott SMM xAOC,FM-5441-AZ,PIPELINE FIRE,6/12/2022,6/24/2022,5441,Fire,143967,5782504,0.024897,0,4629,496.8801703,5,41.75
Phoenix/Prescott SMM xAOC,FM-5466-AZ,DIAMOND FIRE,6/27/2023,7/7/2023,5466,Fire,4492261,5782504,0.776871231,0,0,0,0,0
Pittsburgh SMM xAOC,DR-4455-WV,"SEVERE STORMS, FLOODING, LANDSLIDES, AND MUDSLIDES",6/29/2019,6/30/2019,4455,Flood,33479,2788713,0.012005179,0,0,0,0,0
Pittsburgh SMM xAOC,DR-4491-MD,COVID-19 PANDEMIC,1/20/2020,4/16/2020,4491,Biological,2788713,2788713,1,0,NA,NA,NA,NA
Portland OR SMM xAOC,DR-4432-OR,"SEVERE WINTER STORMS, FLOODING, LANDSLIDES, AND MUDSLIDES",2/23/2019,2/26/2019,4432,Severe Storm,24647,3471552,0.007099706,3.63E-05,1494,144.1355299,1,25.25
Portland OR SMM xAOC,DR-4452-OR,"SEVERE STORMS, FLOODING, LANDSLIDES, AND MUDSLIDES",4/6/2019,4/21/2019,4452,Flood,138112,3471552,0.039783935,0.001880956,1466,11.94918965,1,0.333333333
Portland OR SMM xAOC,DR-4481-WA,COVID-19 PANDEMIC,1/20/2020,4/16/2020,4481,Biological,3471552,3471552,1,0,NA,NA,NA,NA
Portland OR SMM xAOC,DR-4519-OR,"SEVERE STORMS, FLOODING, LANDSLIDES, AND MUDSLIDES",2/5/2020,2/9/2020,4519,Flood,26733,3471552,0.00770059,4.41E-04,153,15.79310819,1,2
Portland OR SMM xAOC,DR-4539-WA,"SEVERE STORMS, FLOODING, LANDSLIDES, AND MUDSLIDES",1/20/2020,2/10/2020,4539,Flood,4420,3471552,0.001273206,3.43E-05,0,0,0,0
Portland OR SMM xAOC,DR-4562-OR,WILDFIRES AND STRAIGHT-LINE WINDS,9/7/2020,11/3/2020,4562,Fire,2596703,3471552,0.747994845,0.020816044,184896,6156.005436,23,356.9090909
Portland OR SMM xAOC,DR-4584-WA,WILDFIRES AND STRAIGHT-LINE WINDS,9/1/2020,9/19/2020,4584,Fire,12096,3471552,0.003484321,6.81E-05,0,0,0,0
Portland OR SMM xAOC,DR-4593-WA,"SEVERE WINTER STORM, STRAIGHT-LINE WINDS, FLOODING, LANDSLIDES, AND MUDSLIDES",12/29/2020,1/16/2021,4593,Severe Storm,149338,3471552,0.043017647,5.95E-04,566,165.1764706,1,0.6875
Portland OR SMM xAOC,DR-4599-OR,SEVERE WINTER STORM,2/11/2021,2/15/2021,4599,Severe Storm,1088132,3471552,0.313442518,0.021820812,265873,114934.8534,28,83.85
Portland OR SMM xAOC,DR-4650-WA,"SEVERE WINTER STORMS, SNOWSTORMS, STRAIGHT-LINE WINDS, FLOODIN",12/26/2021,1/15/2022,4650,Flood,149338,3471552,0.043017647,0.003763097,157,65.66666667,0,0.125
Portland OR SMM xAOC,DR-4682-WA,"SEVERE WINTER STORM, STRAIGHT-LINE WINDS, FLOODING, LANDSLIDES, AND MUDSLIDES",11/3/2022,11/8/2022,4682,Severe Storm,16516,3471552,0.004757526,1.66E-04,0,0,0,0
Portland OR SMM xAOC,EM-3542-OR,WILDFIRES,9/8/2020,9/15/2020,3542,Fire,1598191,3471552,0.46036787,0,121629,28316.65159,662,137
Portland OR SMM xAOC,FM-5327-OR,MOSIER CREEK FIRE,8/12/2020,8/19/2020,5327,Fire,26532,3471552,0.007642691,0,685,52.37888199,1,2.5
Portland OR SMM xAOC,FM-5341-OR,WHITE RIVER FIRE,8/17/2020,9/10/2020,5341,Fire,26532,3471552,0.007642691,0,0,0,0,0
Portland OR SMM xAOC,FM-5356-OR,BEACHIE CREEK LIONSHEAD FIRE COMPLEX,9/7/2020,10/15/2020,5356,Fire,920001,3471552,0.265011442,0,72806,4997.645426,16,562.75
Portland OR SMM xAOC,FM-5358-OR,POWERLINE FIRE,9/8/2020,9/14/2020,5358,Fire,600933,3471552,0.173102117,0,18956,2526.8863,2,120.5
Portland OR SMM xAOC,FM-5362-OR,ECHO MOUNTAIN FIRE COMPLEX,9/8/2020,9/22/2020,5362,Fire,50125,3471552,0.014438787,0,16512,2717.489104,1,304.5
Portland OR SMM xAOC,FM-5366-OR,RIVERSIDE FIRE,9/8/2020,10/15/2020,5366,Fire,418199,3471552,0.120464565,0,47773,3289.200134,83,593.5
Portland OR SMM xAOC,FM-5368-OR,PIKE ROAD FIRE,9/8/2020,9/14/2020,5368,Fire,27132,3471552,0.007815525,0,13517,1948.605017,1,78.25
Portland OR SMM xAOC,FM-5370-OR,CLAKAMAS COUNTY FIRE COMPLEX,9/8/2020,10/6/2020,5370,Fire,418199,3471552,0.120464565,0,47773,4211.817727,83,487.75
Portland OR SMM xAOC,FM-5371-OR,CHEHALEM MOUNTAIN BALD PEAK FIRE,9/8/2020,9/15/2020,5371,Fire,707860,3471552,0.203903038,0,27902,3541.34898,9,120.25
Portland OR SMM xAOC,FM-5446-OR,MILLER ROAD FIRE,8/2/2022,8/7/2022,5446,Fire,26532,3471552,0.007642691,0,0,0,0,0
Portland OR SMM xAOC,FM-5454-OR,MILO MCIVER FIRE,9/10/2022,9/12/2022,5454,Fire,418199,3471552,0.120464565,0,18782,9942.375,427,72
Portland OR SMM xAOC,FM-5456-WA,NAKIA CREEK FIRE,10/16/2022,10/22/2022,5456,Fire,501367,3471552,0.144421573,0,1572,78.13326869,1,2.25
Portland OR SMM xAOC,FM-5467-WA,TUNNEL FIVE FIRE,7/2/2023,7/11/2023,5467,Fire,12096,3471552,0.003484321,0,0,0,0,0
Portland OR SMM xAOC,FM-5470-WA,NEWELL ROAD FIRE,7/21/2023,7/29/2023,5470,Fire,22433,3471552,0.006461951,0,0,0,0,0
Portland OR SMM xAOC,FM-5483-OR,LIBERTY FIRE,8/24/2023,8/24/2023,5483,Fire,347557,3471552,0.100115741,0,0,0,0,0
Providence RI/New Bedford MA SMM xAOC,DR-4496-MA,COVID-19 PANDEMIC,1/20/2020,4/16/2020,4496,Biological,1623254,1623254,1,0,NA,NA,NA,NA
Providence RI/New Bedford MA SMM xAOC,DR-4651-MA,SEVERE WINTER STORM AND SNOWSTORM,1/28/2022,1/29/2022,4651,Snowstorm,1623254,1623254,1,0.007553786,43126,4387.600285,0,10
Providence RI/New Bedford MA SMM xAOC,DR-4753-RI,"SEVERE STORMS, FLOODING, AND TORNADOES",9/10/2023,9/13/2023,4753,Severe Storm,637052,1623254,0.392453676,0,336,69.46095375,1,20.75
Providence RI/New Bedford MA SMM xAOC,DR-4765-RI,SEVERE STORM AND FLOODING,12/17/2023,12/19/2023,4765,Severe Storm,927159,1623254,0.571173088,0,34368,8515.354394,3,38.75
Providence RI/New Bedford MA SMM xAOC,DR-4780-MA,SEVERE STORMS AND FLOODING,9/11/2023,9/13/2023,4780,Flood,565096,1623254,0.348125432,0,2844,167.1167129,0,2.5
Providence RI/New Bedford MA SMM xAOC,EM-3563-RI,HURRICANE HENRI,8/20/2021,8/24/2021,3563,Hurricane,1058158,1623254,0.651874568,0,89892,18005.32702,5,42.6
Providence RI/New Bedford MA SMM xAOC,EM-3599-MA,HURRICANE LEE,9/15/2023,9/17/2023,3599,Hurricane,565096,1623254,0.348125432,0,1435,167.9900246,1,5.75
Providence RI/New Bedford MA SMM xAOC,FM-5464-RI,QUEENS RIVER FIRE,4/14/2023,4/16/2023,5464,Fire,125874,1623254,0.077544241,0,0,0,0,0
Raleigh/Durham/Fayetteville SMM xAOC,DR-4487-NC,COVID-19 PANDEMIC,1/20/2020,4/16/2020,4487,Biological,3308111,3308111,1,0,NA,NA,NA,NA
Raleigh/Durham/Fayetteville SMM xAOC,DR-4543-NC,"SEVERE STORMS, TORNADOES, AND FLOODING",2/6/2020,2/19/2020,4543,Severe Storm,123904,3308111,0.037454608,0,2096,79.72981917,1,29
Raleigh/Durham/Fayetteville SMM xAOC,DR-4588-NC,TROPICAL STORM ETA,11/12/2020,11/15/2020,4588,Severe Storm,196576,3308111,0.059422432,8.78E-06,4837,64.36601621,1,1.75
Raleigh/Durham/Fayetteville SMM xAOC,DR-4602-VA,SEVERE WINTER STORMS,2/11/2021,2/13/2021,4602,Severe Ice Storm,30723,3308111,0.009287173,3.02E-04,11709,1819.999226,1,15.25
Raleigh/Durham/Fayetteville SMM xAOC,EM-3423-NC,HURRICANE DORIAN,9/1/2019,9/9/2019,3423,Hurricane,3308111,3308111,1,2.90E-04,60117,2879.868375,20,16.13636364
Raleigh/Durham/Fayetteville SMM xAOC,EM-3534-NC,HURRICANE ISAIAS,7/31/2020,8/4/2020,3534,Hurricane,3277388,3308111,0.990712827,0,50501,4771.544557,22,15.42045455
Raleigh/Durham/Fayetteville SMM xAOC,EM-3586-NC,HURRICANE IAN,9/28/2022,10/4/2022,3586,Hurricane,3277388,3308111,0.990712827,1.34E-04,245712,26295.59341,0,39.86363636
Sacramento/Stockton/Modesto SMM xAOC,DR-4431-CA,"SEVERE WINTER STORMS, FLOODING, LANDSLIDES, AND MUDSLIDES",2/13/2019,2/15/2019,4431,Severe Storm,67593,4581114,0.014754708,8.36E-04,3575,1092.55297,2,16.375
Sacramento/Stockton/Modesto SMM xAOC,DR-4434-CA,"SEVERE WINTER STORMS, FLOODING, LANDSLIDES, AND MUDSLIDES",2/24/2019,3/1/2019,4434,Severe Storm,528533,4581114,0.115372156,0.002659009,7951,327.880127,3,6.15
Sacramento/Stockton/Modesto SMM xAOC,DR-4482-CA,COVID-19 PANDEMIC,1/20/2020,4/16/2020,4482,Biological,4581114,4581114,1,0,NA,NA,NA,NA
Sacramento/Stockton/Modesto SMM xAOC,DR-4558-CA,WILDFIRES,8/14/2020,9/26/2020,4558,Fire,1471712,4581114,0.321256358,0.004843204,111259,4316.041364,8,186.0625
Sacramento/Stockton/Modesto SMM xAOC,DR-4569-CA,WILDFIRES,9/4/2020,11/17/2020,4569,Fire,78549,4581114,0.017146266,1.74E-05,11537,551.5356707,1,328.5
Sacramento/Stockton/Modesto SMM xAOC,DR-4610-CA,WILDFIRES,7/14/2021,10/25/2021,4610,Fire,517618,4581114,0.112989548,0.019394942,34298,1646.287917,3,1135.5
Sacramento/Stockton/Modesto SMM xAOC,DR-4619-CA,WILDFIRES,8/14/2021,10/21/2021,4619,Fire,193057,4581114,0.042141933,0.015803292,7317,1802.257537,1,1528.5
Sacramento/Stockton/Modesto SMM xAOC,DR-4683-CA,"SEVERE WINTER STORMS, FLOODING, LANDSLIDES, AND MUDSLIDES",12/27/2022,1/31/2023,4683,Flood,4480554,4581114,0.978049007,0.014702248,501422,16929.58061,0,238.9038462
Sacramento/Stockton/Modesto SMM xAOC,DR-4699-CA,"SEVERE WINTER STORMS, STRAIGHT-LINE WINDS, FLOODING, LANDSLIDES, AND MUDSLIDES",2/21/2023,7/10/2023,4699,Severe Storm,3765244,4581114,0.821905764,0.00236706,124133,2379.944696,0,409.7045455
Sacramento/Stockton/Modesto SMM xAOC,EM-3571-CA,CALDOR FIRE,8/14/2021,10/21/2021,3571,Fire,824725,4581114,0.180027172,0,27228,2115.196518,3,675.75
Sacramento/Stockton/Modesto SMM xAOC,EM-3591-CA,"SEVERE WINTER STORMS, FLOODING, AND MUDSLIDES",1/8/2023,1/31/2023,3591,Flood,4319353,4581114,0.942860841,0,479254,15974.00442,0,141.825
Sacramento/Stockton/Modesto SMM xAOC,EM-3592-CA,"SEVERE WINTER STORMS, FLOODING, LANDSLIDES, AND MUDSLIDES",3/9/2023,7/10/2023,3592,Flood,3795277,4581114,0.828461593,0,95578,1143.74705,0,262.1875
Sacramento/Stockton/Modesto SMM xAOC,FM-5331-CA,LNU LIGHTNING FIRE COMPLEX,8/17/2020,10/2/2020,5331,Fire,667453,4581114,0.145696658,0,0,0,0,0
Sacramento/Stockton/Modesto SMM xAOC,FM-5332-CA,JONES FIRE,8/18/2020,8/27/2020,5332,Fire,99648,4581114,0.021751914,0,15265,358.6325958,1,76
Sacramento/Stockton/Modesto SMM xAOC,FM-5338-CA,SCU LIGTNING COMPLEX FIRE,8/20/2020,10/1/2020,5338,Fire,549761,4581114,0.120005964,0,0,0,0,0
Sacramento/Stockton/Modesto SMM xAOC,FM-5363-CA,BEAR FIRE,8/17/2020,9/9/2020,5363,Fire,97601,4581114,0.02130508,0,0,0,0,0
Sacramento/Stockton/Modesto SMM xAOC,FM-5400-CA,DIXIE FIRE,7/20/2021,10/25/2021,5400,Fire,19052,4581114,0.004158814,0,0,0,0,0
Sacramento/Stockton/Modesto SMM xAOC,FM-5405-CA,RIVER FIRE,8/4/2021,8/13/2021,5405,Fire,398918,4581114,0.08707882,0,0,0,0,0
Sacramento/Stockton/Modesto SMM xAOC,FM-5453-CA,MOSQUITO FIRE,9/9/2022,9/26/2022,5453,Fire,591975,4581114,0.129220753,0,9147,1172.521406,0,257.375
Salt Lake City SMM xAOC,DR-4523-NV,COVID-19 PANDEMIC,1/20/2020,4/16/2020,4523,Biological,3383184,3383184,1,0,NA,NA,NA,NA
Salt Lake City SMM xAOC,DR-4548-UT,EARTHQUAKE AND AFTERSHOCKS,3/18/2020,4/17/2020,4548,Earthquake,1513889,3383184,0.447474627,0.021605419,67420,467.9280568,2,58
Salt Lake City SMM xAOC,DR-4578-UT,STRAIGHT-LINE WINDS,9/7/2020,9/8/2020,4578,Severe Storm,1785684,3383184,0.527811671,0.008017162,172322,32551.93865,13,16.0625
Salt Lake City SMM xAOC,DR-4752-UT,FLOODING,5/1/2023,5/27/2023,4752,Flood,768255,3383184,0.227080466,0.008932195,6570,161.1321599,0,8.35
Salt Lake City SMM xAOC,FM-5292-UT,GUN RANGE FIRE,8/30/2019,8/31/2019,5292,Fire,355304,3383184,0.105020596,0,161,51.61261822,1,7.25
Salt Lake City SMM xAOC,FM-5317-UT,CANAL FIRE,6/28/2020,7/5/2020,5317,Fire,13100,3383184,0.003872092,0,1211,64.90902778,1,24.75
Salt Lake City SMM xAOC,FM-5318-UT,KNOLLS FIRE,6/28/2020,6/30/2020,5318,Fire,635675,3383184,0.18789253,0,394,52.65499709,1,7
Salt Lake City SMM xAOC,FM-5321-UT,VEYO WEST FIRE,7/13/2020,7/15/2020,5321,Fire,177938,3383184,0.052594834,0,438,52.67821641,1,7.5
Salt Lake City SMM xAOC,FM-5353-UT,ETHER HOLLOW FIRE,9/7/2020,9/12/2020,5353,Fire,635675,3383184,0.18789253,0,2054,148.6822917,2,25
Salt Lake City SMM xAOC,FM-5388-UT,MAMMOTH FIRE,6/5/2021,6/13/2021,5388,Fire,5000,3383184,0.001477898,0,0,0,0,0
Salt Lake City SMM xAOC,FM-5391-UT,PACK CREEK FIRE,6/10/2021,6/26/2021,5391,Fire,15228,3383184,0.004501085,0,0,0,0,0
Salt Lake City SMM xAOC,FM-5408-UT,PARLEYS CANYON FIRE,8/14/2021,8/18/2021,5408,Fire,1200666,3383184,0.354892314,0,6544,448.2700502,2,31
San Antonio SMM xAOC,DR-4485-TX,COVID-19 PANDEMIC,1/20/2020,4/16/2020,4485,Biological,2880316,2880316,1,0,NA,NA,NA,NA
San Antonio SMM xAOC,DR-4586-TX,SEVERE WINTER STORMS,2/11/2021,2/21/2021,4586,Severe Ice Storm,2880316,2880316,1,0.012243935,533878,100036.123,38,118.87
San Antonio SMM xAOC,DR-4705-TX,SEVERE WINTER STORM,1/30/2023,2/2/2023,4705,Winter Storm,256275,2880316,0.088974613,4.43E-04,27710,6351.492456,3,36.91666667
San Antonio SMM xAOC,EM-3530-TX,HURRICANE HANNA,7/25/2020,7/31/2020,3530,Hurricane,2028435,2880316,0.704240438,0,4669,121.7392173,3,6.6
San Antonio SMM xAOC,EM-3540-TX,TROPICAL STORMS MARCO AND LAURA,8/23/2020,8/27/2020,3540,Hurricane,2002445,2880316,0.695217122,0,3655,74.0702775,1,9.5
San Antonio SMM xAOC,EM-3554-TX,SEVERE WINTER STORM,2/11/2021,2/21/2021,3554,Severe Ice Storm,2880316,2880316,1,0,533878,100036.123,38,118.87
San Diego SMM xAOC,DR-4482-CA,COVID-19 PANDEMIC,1/20/2020,4/16/2020,4482,Biological,3330459,3330459,1,0,NA,NA,NA,NA
San Diego SMM xAOC,DR-4569-CA,WILDFIRES,9/4/2020,11/17/2020,4569,Fire,3330459,3330459,1,4.84E-04,27150,812.421094,1,1121
San Diego SMM xAOC,DR-4683-CA,"SEVERE WINTER STORMS, FLOODING, LANDSLIDES, AND MUDSLIDES",12/27/2022,1/31/2023,4683,Flood,3330459,3330459,1,0.001511774,14402,449.1439335,0,361.75
San Diego SMM xAOC,EM-3591-CA,"SEVERE WINTER STORMS, FLOODING, AND MUDSLIDES",1/8/2023,1/31/2023,3591,Flood,3330459,3330459,1,0,14402,564.3718348,0,264.75
San Francisco/Oakland/San Jose SMM xAOC,DR-4431-CA,"SEVERE WINTER STORMS, FLOODING, LANDSLIDES, AND MUDSLIDES",2/13/2019,2/15/2019,4431,Severe Storm,483695,7427818,0.065119393,0.001598222,16252,3668.399874,27,20.25
San Francisco/Oakland/San Jose SMM xAOC,DR-4434-CA,"SEVERE WINTER STORMS, FLOODING, LANDSLIDES, AND MUDSLIDES",2/24/2019,3/1/2019,4434,Severe Storm,1040476,7427818,0.140078284,0.020109953,18666,2376.036666,5,45.5
San Francisco/Oakland/San Jose SMM xAOC,DR-4482-CA,COVID-19 PANDEMIC,1/20/2020,4/16/2020,4482,Biological,7427818,7427818,1,0,NA,NA,NA,NA
San Francisco/Oakland/San Jose SMM xAOC,DR-4558-CA,WILDFIRES,8/14/2020,9/26/2020,4558,Fire,3468612,7427818,0.466975901,0.01544396,144508,4182.516507,6,546.875
San Francisco/Oakland/San Jose SMM xAOC,DR-4569-CA,WILDFIRES,9/4/2020,11/17/2020,4569,Fire,716928,7427818,0.096519328,0.010815082,45793,3332.648566,3,806.6666667
San Francisco/Oakland/San Jose SMM xAOC,DR-4619-CA,WILDFIRES,8/14/2021,10/21/2021,4619,Fire,64463,7427818,0.008678592,2.25E-04,12827,369.4529234,1,305
San Francisco/Oakland/San Jose SMM xAOC,DR-4683-CA,"SEVERE WINTER STORMS, FLOODING, LANDSLIDES, AND MUDSLIDES",12/27/2022,1/31/2023,4683,Flood,7363355,7427818,0.991321408,0.025465739,221624,9726.047505,0,389.8055556
San Francisco/Oakland/San Jose SMM xAOC,DR-4699-CA,"SEVERE WINTER STORMS, STRAIGHT-LINE WINDS, FLOODING, LANDSLIDES, AND MUDSLIDES",2/21/2023,7/10/2023,4699,Severe Storm,6274935,7427818,0.84478847,0.001357355,377694,5601.312734,0,918.6111111
San Francisco/Oakland/San Jose SMM xAOC,EM-3591-CA,"SEVERE WINTER STORMS, FLOODING, AND MUDSLIDES",1/8/2023,1/31/2023,3591,Flood,7427818,7427818,1,0,155519,6231.69357,0,212.9
San Francisco/Oakland/San Jose SMM xAOC,EM-3592-CA,"SEVERE WINTER STORMS, FLOODING, LANDSLIDES, AND MUDSLIDES",3/9/2023,7/10/2023,3592,Flood,4347438,7427818,0.585291401,0,278214,3486.308516,0,692.9642857
San Francisco/Oakland/San Jose SMM xAOC,FM-5295-CA,KINCADE FIRE,10/24/2019,11/7/2019,5295,Fire,492318,7427818,0.066280299,0,105823,27945.34134,340,345.25
San Francisco/Oakland/San Jose SMM xAOC,FM-5331-CA,LNU LIGHTNING FIRE COMPLEX,8/17/2020,10/2/2020,5331,Fire,694459,7427818,0.093494348,0,0,0,0,0
San Francisco/Oakland/San Jose SMM xAOC,FM-5336-CA,CZU LIGHTNING FIRE COMPLEX,8/20/2020,9/22/2020,5336,Fire,764810,7427818,0.102965635,0,0,0,0,0
San Francisco/Oakland/San Jose SMM xAOC,FM-5338-CA,SCU LIGTNING COMPLEX FIRE,8/20/2020,10/1/2020,5338,Fire,1922411,7427818,0.258812346,0,0,0,0,0
San Francisco/Oakland/San Jose SMM xAOC,FM-5376-CA,GLASS FIRE,9/27/2020,10/20/2020,5376,Fire,629996,7427818,0.084815756,0,0,0,0,0
Seattle/Tacoma SMM xAOC,DR-4481-WA,COVID-19 PANDEMIC,1/20/2020,4/16/2020,4481,Biological,5475507,5475507,1,0,NA,NA,NA,NA
Seattle/Tacoma SMM xAOC,DR-4539-WA,"SEVERE STORMS, FLOODING, LANDSLIDES, AND MUDSLIDES",1/20/2020,2/10/2020,4539,Flood,4067381,5475507,0.742831851,0.040112223,78419,2142.79678,9,75.38636364
Seattle/Tacoma SMM xAOC,DR-4584-WA,WILDFIRES AND STRAIGHT-LINE WINDS,9/1/2020,9/19/2020,4584,Fire,43251,5475507,0.007898995,0.005169203,1059,190.4399869,1,169.75
Seattle/Tacoma SMM xAOC,DR-4593-WA,"SEVERE WINTER STORM, STRAIGHT-LINE WINDS, FLOODING, LANDSLIDES, AND MUDSLIDES",12/29/2020,1/16/2021,4593,Severe Storm,1391844,5475507,0.254194543,0.014446659,195236,10440.67787,7,71.08333333
Seattle/Tacoma SMM xAOC,DR-4635-WA,"SEVERE STORMS, STRAIGHT-LINE WINDS, FLOODING, LANDSLIDES, AND MUDSLIDES",11/5/2021,12/2/2021,4635,Flood,650955,5475507,0.118884881,0.029164751,76911,3303.380083,7,90.35714286
Seattle/Tacoma SMM xAOC,DR-4650-WA,"SEVERE WINTER STORMS, SNOWSTORMS, STRAIGHT-LINE WINDS, FLOODIN",12/26/2021,1/15/2022,4650,Flood,850801,5475507,0.155383054,0.009742499,38523,1375.492861,1,61.63888889
Seattle/Tacoma SMM xAOC,DR-4682-WA,"SEVERE WINTER STORM, STRAIGHT-LINE WINDS, FLOODING, LANDSLIDES, AND MUDSLIDES",11/3/2022,11/8/2022,4682,Severe Storm,1227341,5475507,0.224151115,0.00284437,241755,52405.90027,0,84.875
Seattle/Tacoma SMM xAOC,FM-5320-WA,ROAD 11 FIRE,7/11/2020,7/15/2020,5320,Fire,43251,5475507,0.007898995,0,147,4.773752751,1,1
Seattle/Tacoma SMM xAOC,FM-5351-WA,COLD SPRINGS/PEARL HILL FIRE,9/7/2020,9/19/2020,5351,Fire,43251,5475507,0.007898995,0,1059,263.3015203,1,169.75
Seattle/Tacoma SMM xAOC,FM-5352-WA,APPLE ACRES FIRE,9/7/2020,9/15/2020,5352,Fire,77053,5475507,0.014072304,0,143,45.94524573,1,19
Seattle/Tacoma SMM xAOC,FM-5359-WA,BORDEAUX ROAD FIRE,9/8/2020,9/11/2020,5359,Fire,289661,5475507,0.05290122,0,3465,296.0762305,1,41
Seattle/Tacoma SMM xAOC,FM-5360-WA,SUMNER GRADE FIRE,9/8/2020,9/15/2020,5360,Fire,905719,5475507,0.16541281,0,52571,6623.08855,1,111
Seattle/Tacoma SMM xAOC,FM-5398-WA,RED APPLE FIRE,7/13/2021,7/20/2021,5398,Fire,77053,5475507,0.014072304,0,0,0,0,0
Seattle/Tacoma SMM xAOC,FM-5414-WA,TWENTYFIVE MILE FIRE,8/17/2021,9/13/2021,5414,Fire,77053,5475507,0.014072304,0,0,0,0,0
Seattle/Tacoma SMM xAOC,FM-5455-WA,BOLT CREEK FIRE,9/10/2022,10/24/2022,5455,Fire,3072066,5475507,0.56105599,0,4853,264.5262969,0,259
Seattle/Tacoma SMM xAOC,FM-5468-WA,MCEWAN FIRE,7/4/2023,7/22/2023,5468,Fire,66939,5475507,0.012225169,0,0,0,0,0
St. Louis SMM xAOC,DR-4435-MO,"SEVERE STORMS, STRAIGHT-LINE WINDS, AND FLOODING",3/11/2019,4/16/2019,4435,Flood,35635,3185001,0.01118838,2.15E-04,0,0,0,0
St. Louis SMM xAOC,DR-4451-MO,"SEVERE STORMS, TORNADOES, AND FLOODING",4/29/2019,7/5/2019,4451,Severe Storm,1037260,3185001,0.325670227,0.007147825,17715,318.1613736,6,52.67857143
St. Louis SMM xAOC,DR-4461-IL,SEVERE STORMS AND FLOODING,2/24/2019,7/3/2019,4461,Flood,629290,3185001,0.197579216,0.023042958,18918,195.8788528,7,69.14285714
St. Louis SMM xAOC,DR-4489-IL,COVID-19 PANDEMIC,1/20/2020,4/16/2020,4489,Biological,3185001,3185001,1,0,NA,NA,NA,NA
St. Louis SMM xAOC,DR-4612-MO,"SEVERE STORMS, STRAIGHT-LINE WINDS, TORNADOES, AND FLOODING",6/24/2021,7/1/2021,4612,Severe Storm,59040,3185001,0.018536886,3.62E-04,1312,70.21925212,1,22
St. Louis SMM xAOC,DR-4665-MO,SEVERE STORMS AND FLOODING,7/25/2022,7/28/2022,4665,Flood,1697979,3185001,0.533117258,0.025218514,25417,2467.258026,1,33.25
St. Louis SMM xAOC,DR-4676-IL,SEVERE STORM AND FLOODING,7/25/2022,7/28/2022,4676,Flood,259889,3185001,0.081597777,0,998,150.681669,1,35.5
St. Louis SMM xAOC,DR-4728-IL,SEVERE STORMS AND FLOODING,6/29/2023,7/2/2023,4728,Severe Storm,53404,3185001,0.016767342,4.81E-04,12489,4583.603885,0,33.16666667
St. Louis SMM xAOC,DR-4741-MO,"SEVERE STORMS, STRAIGHT-LINE WINDS, TORNADOES, AND FLOODING",7/29/2023,8/14/2023,4741,Severe Storm,51965,3185001,0.016315536,1.94E-04,4218,198.4738165,0,27.16666667
St. Louis SMM xAOC,EM-3577-IL,"SEVERE STORMS, STRAIGHT-LINE WINDS, AND TORNADOES",12/10/2021,12/10/2021,3577,Tornado,406698,3185001,0.12769164,0,0,0,0,0
Tampa/Ft. Myers SMM xAOC,DR-4486-FL,COVID-19 PANDEMIC,1/20/2020,4/16/2020,4486,Biological,6487577,6487577,1,0,NA,NA,NA,NA
Tampa/Ft. Myers SMM xAOC,DR-4673-FL,HURRICANE IAN,9/23/2022,11/4/2022,4673,Hurricane,6487577,6487577,1,0.65810155,1957678,162683.0269,0,274.78125
Tampa/Ft. Myers SMM xAOC,DR-4680-FL,HURRICANE NICOLE,11/7/2022,11/30/2022,4680,Hurricane,6487577,6487577,1,3.82E-04,113830,1683.417988,0,46.1875
Tampa/Ft. Myers SMM xAOC,DR-4734-FL,HURRICANE IDALIA,8/27/2023,9/4/2023,4734,Hurricane,6325704,6487577,0.975048774,0.007572604,93256,5080.259027,3,52.34615385
Tampa/Ft. Myers SMM xAOC,EM-3419-FL,HURRICANE DORIAN,8/28/2019,9/9/2019,3419,Hurricane,6487577,6487577,1,0,55095,869.7468116,15,21.828125
Tampa/Ft. Myers SMM xAOC,EM-3551-FL,HURRICANE ETA,11/7/2020,11/12/2020,3551,Hurricane,4188256,6487577,0.645580931,1.61E-04,72310,6378.930939,7,47.28571429
Tampa/Ft. Myers SMM xAOC,EM-3561-FL,TROPICAL STORM ELSA,7/4/2021,7/8/2021,3561,Severe Storm,5600737,6487577,0.863301815,2.41E-04,43134,2429.396535,19,28.3125
Tampa/Ft. Myers SMM xAOC,EM-3562-FL,TROPICAL STORM FRED,8/13/2021,8/19/2021,3562,Hurricane,553130,6487577,0.085259874,0,13177,183.0679539,2,15.875
Tampa/Ft. Myers SMM xAOC,EM-3584-FL,TROPICAL STORM IAN,9/23/2022,11/4/2022,3584,Hurricane,6487577,6487577,1,0,1957678,162683.0269,0,274.78125
Tampa/Ft. Myers SMM xAOC,EM-3587-FL,TROPICAL STORM NICOLE,11/7/2022,11/30/2022,3587,Tropical Storm,6487577,6487577,1,0,113830,1683.417988,0,46.1875
Tampa/Ft. Myers SMM xAOC,EM-3596-FL,TROPICAL STORM IDALIA,8/27/2023,9/4/2023,3596,Tropical Storm,6325704,6487577,0.975048774,0,93256,5080.259027,3,52.34615385
Tampa/Ft. Myers SMM xAOC,FM-5309-FL,36TH AVENUE FIRE,5/13/2020,6/2/2020,5309,Fire,385917,6487577,0.059485537,0,3628,102.6008643,1,71.25
Washington DC/Hagerstown SMM xAOC,DR-4455-WV,"SEVERE STORMS, FLOODING, LANDSLIDES, AND MUDSLIDES",6/29/2019,6/30/2019,4455,Flood,11486,6763886,0.001698136,6.35E-05,737,178.6204751,4,3
Washington DC/Hagerstown SMM xAOC,DR-4491-MD,COVID-19 PANDEMIC,1/20/2020,4/16/2020,4491,Biological,6763886,6763886,1,0,NA,NA,NA,NA
Washington DC/Hagerstown SMM xAOC,DR-4583-MD,TROPICAL STORM ISAIAS,8/3/2020,8/4/2020,4583,Hurricane,206424,6763886,0.030518551,0.008167712,21848,4909.413328,2,19.125
Washington DC/Hagerstown SMM xAOC,DR-4618-PA,REMNANTS OF HURRICANE IDA,8/31/2021,9/5/2021,4618,Hurricane,14502,6763886,0.002144034,8.41E-04,1104,203.0265625,4,28.5
Washington DC/Hagerstown SMM xAOC,DR-4644-VA,SEVERE WINTER STORM AND SNOWSTORM,1/2/2022,1/3/2022,4644,Severe Storm,466623,6763886,0.068987413,0.001376403,84473,22448.46549,7,8.821428571
Washington DC/Hagerstown SMM xAOC,EM-3553-DC,59TH PRESIDENTIAL INAUGURATION,1/11/2021,1/24/2021,3553,Other,708253,6763886,0.104710961,0.006215069,500,31.28908333,4,14.5
